Name,Full_Address,Street_Address,City,Zip,State,Country,Phone_1,Email,Website,Domain,First_category,Second_category,Claimed_google_my_business,Reviews_count,Average_rating,Business Status,Hours,Saturday,Sunday,Monday,Tuesday,Wednesday,Thursday,Friday,Latitude,Longitude,Plus_Code,Google_Knowledge_URL,Image_URL,Favicon,Review_URL,Phone From WEBSITE,Facebook URL,Twitter URL,Instagram URL,Youtube URL
The Bike Shop,767 Kailua Rd  Kailua  HI 96734  United States,767 Kailua Rd,Kailua,96734,Hawaii,US,18082611553,aiea@bikeshophawaii.com,http://www.bikeshophawaii.com/,bikeshophawaii.com,Bicycle store,Bicycle rack,Yes,131,4.4,open,"Friday, 9â€¯AM-5â€¯PM; Saturday, 10â€¯AM-5â€¯PM; Sunday, 10â€¯AM-5â€¯PM; Monday, 9â€¯AM-5â€¯PM; Tuesday, 9â€¯AM-5â€¯PM; Wednesday, 9â€¯AM-5â€¯PM; Thursday, 9â€¯AM-5â€¯PM; ",10â€¯AM-5â€¯PM,10â€¯AM-5â€¯PM,9â€¯AM-5â€¯PM,9â€¯AM-5â€¯PM,9â€¯AM-5â€¯PM,9â€¯AM-5â€¯PM,9â€¯AM-5â€¯PM,Lat 21.3932374,Lng -157.74464279999998,73H497V4+74X,https://www.google.com/search?kgmid=/g/1tq8js2t,https://lh5.googleusercontent.com/p/CIHM0ogKEICAgID47_GFbg,"https://t1.gstatic.com/faviconV2?client=SOCIAL&type=FAVICON&fallback_opts=TYPE,SIZE,URL&url=http://www.bikeshophawaii.com/&size=48","https://search.google.com/local/reviews?placeid=ChIJCWN3zN0UAHwRI8V8GlDPkGo&q=bicycle+shop+near+Honolulu+County,+Hawaii,+USA&authuser=0&hl=en",,https://www.facebook.com/TheBikeShopHawaii,https://twitter.com/bikeshophawaii,https://www.instagram.com/thebikeshophawaii/,https://www.youtube.com/channel/UCtE8aGJqPX6DulOwUWuZBwA
Big Island Bike Tours And Rentals,65-1480 Kawaihae Rd  Waimea  HI 96743  United States,65-1480 Kawaihae Rd,Waimea,96743,Hawaii,US,18087691308,alex@bigislandbiketours.com,http://bigislandbiketours.com/?utm_source=GMB&utm_medium=Profile&utm_id=Organic,bigislandbiketours.com,Bicycle rental service,,Yes,161,4.8,open,"Friday, 10â€¯AM-4â€¯PM; Saturday, 10â€¯AM-4â€¯PM; Sunday, Closed; Monday, 10â€¯AM-4â€¯PM; Tuesday, 10â€¯AM-4â€¯PM; Wednesday, 10â€¯AM-4â€¯PM; Thursday, 10â€¯AM-4â€¯PM; ",10â€¯AM-4â€¯PM,Closed,10â€¯AM-4â€¯PM,10â€¯AM-4â€¯PM,10â€¯AM-4â€¯PM,10â€¯AM-4â€¯PM,10â€¯AM-4â€¯PM,Lat 20.0268504,Lng -155.6884639,73G628G6+PJV,https://www.google.com/search?kgmid=/g/11bydjwy9c,https://lh5.googleusercontent.com/p/CIHM0ogKEICAgIC4w7_d8QE,"https://t1.gstatic.com/faviconV2?client=SOCIAL&type=FAVICON&fallback_opts=TYPE,SIZE,URL&url=http://bigislandbiketours.com/?utm_source=GMB&utm_medium=Profile&utm_id=Organic&size=48","https://search.google.com/local/reviews?placeid=ChIJs8qX7CKDU3kRjcNSMyiwG04&q=bicycle+shop+near+Hawaii+County,+Hawaii,+USA&authuser=0&hl=en",8087691308 | 18087691308,https://www.facebook.com/people/Big-Island-Bike-Tours/100063586405504/, ,https://www.instagram.com/bigislandbiketours/,
Black Rock Electric Bike Rentals,30 Halawai Dr W2  Lahaina  HI 96761  United States,30 Halawai Dr W2,Lahaina,96761,Hawaii,US,18088681272,aloha@ridesmartmaui.com,https://blackrockbikesmaui.com/,blackrockbikesmaui.com,Bicycle repair shop,,Yes,52,4.4,open,"Friday, 9â€¯AM-5â€¯PM; Saturday, 9â€¯AM-5â€¯PM; Sunday, 9â€¯AM-5â€¯PM; Monday, 9â€¯AM-5â€¯PM; Tuesday, 9â€¯AM-5â€¯PM; Wednesday, 9â€¯AM-5â€¯PM; Thursday, 9â€¯AM-5â€¯PM; ",9â€¯AM-5â€¯PM,9â€¯AM-5â€¯PM,9â€¯AM-5â€¯PM,9â€¯AM-5â€¯PM,9â€¯AM-5â€¯PM,9â€¯AM-5â€¯PM,9â€¯AM-5â€¯PM,Lat 20.9419288,Lng -156.68898009999998,73G5W8R6+QCC,https://www.google.com/search?kgmid=/g/11r91rwbt4,https://lh5.googleusercontent.com/p/AF1QipOa4ysF0Fu6NaJ1fK8XRRUxgeqZ8k5-JkpTBSGh,"https://t1.gstatic.com/faviconV2?client=SOCIAL&type=FAVICON&fallback_opts=TYPE,SIZE,URL&url=https://blackrockbikesmaui.com/&size=48","https://search.google.com/local/reviews?placeid=ChIJg6ww0UgrVXkR4XKU_XRIzfw&q=bicycle+shop+near+Maui+County,+Hawaii,+USA&authuser=0&hl=en",(808) 868-1272,https://www.facebook.com/Black-Rock-Bikes-Maui-101175132024951, ,https://www.instagram.com/blackrockbikesmaui/,
Pedego Electric Bikes Poipu,1941 Poipu Rd  Koloa  HI 96756  United States,1941 Poipu Rd,Koloa,96756,Hawaii,US,18086353462,angela@pedegopoipu.com,https://pedegoelectricbikes.com/dealers/poipu/,pedegoelectricbikes.com,Bicycle store,Tour agency,Yes,49,4.3,open,"Friday, 9â€¯AM-3â€¯PM; Saturday, 9â€¯AM-3â€¯PM; Sunday, 9â€¯AM-3â€¯PM; Monday, Closed; Tuesday, 9â€¯AM-3â€¯PM; Wednesday, 9â€¯AM-3â€¯PM; Thursday, 9â€¯AM-3â€¯PM; ",9â€¯AM-3â€¯PM,9â€¯AM-3â€¯PM,Closed,9â€¯AM-3â€¯PM,9â€¯AM-3â€¯PM,9â€¯AM-3â€¯PM,9â€¯AM-3â€¯PM,Lat 21.875368299999998,Lng -159.449986,73H2VHG2+42R,https://www.google.com/search?kgmid=/g/11fpmsrwy0,https://lh5.googleusercontent.com/p/CIHM0ogKEICAgIDGj4fjKA,"https://t1.gstatic.com/faviconV2?client=SOCIAL&type=FAVICON&fallback_opts=TYPE,SIZE,URL&url=https://pedegoelectricbikes.com/dealers/poipu/&size=48","https://search.google.com/local/reviews?placeid=ChIJ4VZU1DQFB3wRLhYdPzwgkuY&q=bicycle+shop+near+Kauai+County,+Hawaii,+USA&authuser=0&hl=en",18086353462,https://www.facebook.com/105907140874863, ,https://www.instagram.com/pedego,https://www.youtube.com/@PedegoElectricBikes
Maui Cyclery,99 Hana Hwy  Paia  HI 96779  United States,99 Hana Hwy,Paia,96779,Hawaii,US,18085799009,donnie@gocyclingmaui.com,http://www.gocyclingmaui.com/,gocyclingmaui.com,Bicycle store,Bicycle repair shop,Yes,120,4.9,open,"Friday, 10â€¯AM-5â€¯PM; Saturday, 10â€¯AM-5â€¯PM; Sunday, 9â€¯AM-1â€¯PM; Monday, 10â€¯AM-5â€¯PM; Tuesday, 10â€¯AM-5â€¯PM; Wednesday, 10â€¯AM-5â€¯PM; Thursday, 10â€¯AM-5â€¯PM; ",10â€¯AM-5â€¯PM,9â€¯AM-1â€¯PM,10â€¯AM-5â€¯PM,10â€¯AM-5â€¯PM,10â€¯AM-5â€¯PM,10â€¯AM-5â€¯PM,10â€¯AM-5â€¯PM,Lat 20.9160158,Lng -156.3816836,73G5WJ89+C84,https://www.google.com/search?kgmid=/g/1vzqsgvv,https://lh5.googleusercontent.com/p/AF1QipMW6R-muuNpXBbSSMdMoyKbBg-F7Vh2KU67cbRs,"https://t1.gstatic.com/faviconV2?client=SOCIAL&type=FAVICON&fallback_opts=TYPE,SIZE,URL&url=http://www.gocyclingmaui.com/&size=48","https://search.google.com/local/reviews?placeid=ChIJpS4TuN8yq34RXju2SP9Adew&q=bicycle+shop+near+Maui+County,+Hawaii,+USA&authuser=0&hl=en",,https://www.facebook.com/mauicyclery/, ,https://www.instagram.com/mauicyclery/,
Ebikes Hawaii Honolulu,575 Cooke St # C  Honolulu  HI 96813  United States,575 Cooke St # C,Honolulu,96813,Hawaii,US,18087225454,ebikeshi@gmail.com,http://ebikeshawaii.com/,ebikeshawaii.com,Bicycle store,Bicycle repair shop,Yes,65,4.4,open,"Friday, 10â€¯AM-5â€¯PM; Saturday, 10â€¯AM-5â€¯PM; Sunday, Closed; Monday, Closed; Tuesday, 10â€¯AM-5â€¯PM; Wednesday, 10â€¯AM-5â€¯PM; Thursday, 10â€¯AM-5â€¯PM; ",10â€¯AM-5â€¯PM,Closed,Closed,10â€¯AM-5â€¯PM,10â€¯AM-5â€¯PM,10â€¯AM-5â€¯PM,10â€¯AM-5â€¯PM,Lat 21.299418799999998,Lng -157.8572632,73H474XV+Q39,https://www.google.com/search?kgmid=/g/1ptvy3q8g,https://lh5.googleusercontent.com/p/AF1QipOAoGZGN99rq1t1JLBP2VP4W39pQrpbFR-dd_ZC,"https://t1.gstatic.com/faviconV2?client=SOCIAL&type=FAVICON&fallback_opts=TYPE,SIZE,URL&url=http://ebikeshawaii.com/&size=48","https://search.google.com/local/reviews?placeid=ChIJAaVvZH9yAHwRt5Mzn40I_4o&q=bicycle+shop+near+Honolulu+County,+Hawaii,+USA&authuser=0&hl=en",(808) 722-5454 | +18087225454 | 8087225454, , ,https://www.instagram.com/ebikeshawaii/,https://www.youtube.com/@EbikesHawaii
Holoholo Bike Rental,4-1586 Kuhio Hwy  KapaÊ»a  HI 96746  United States,4-1586 Kuhio Hwy,KapaÊ»a,96746,Hawaii,US,18086341880,holoholobikerentals@yahoo.com,https://holoholobikerentals.com/,holoholobikerentals.com,Bicycle rental service, ,Yes,162,4.8,open,"Friday, 8â€¯AM-5:30â€¯PM; Saturday, 8â€¯AM-5:30â€¯PM; Sunday, 8â€¯AM-5:30â€¯PM; Monday, 8â€¯AM-5:30â€¯PM; Tuesday, 8â€¯AM-5:30â€¯PM; Wednesday, 8â€¯AM-5:30â€¯PM; Thursday, 8â€¯AM-5:30â€¯PM; ",8â€¯AM-5:30â€¯PM,8â€¯AM-5:30â€¯PM,8â€¯AM-5:30â€¯PM,8â€¯AM-5:30â€¯PM,8â€¯AM-5:30â€¯PM,8â€¯AM-5:30â€¯PM,8â€¯AM-5:30â€¯PM,Lat 22.080133399999998,Lng -159.31348309999998,73J23MJP+3J2,https://www.google.com/search?kgmid=/g/11t59v7_hy,https://lh5.googleusercontent.com/p/CIHM0ogKEICAgIC-s-7lngE,"https://t1.gstatic.com/faviconV2?client=SOCIAL&type=FAVICON&fallback_opts=TYPE,SIZE,URL&url=https://holoholobikerentals.com/&size=48","https://search.google.com/local/reviews?placeid=ChIJbXT2TWThBnwRe9GcsBlNfAg&q=bicycle+shop+near+Kauai+County,+Hawaii,+USA&authuser=0&hl=en",8086341880, , ,,
Krank Cycles,1127 Makawao Ave  Makawao  HI 96768  United States,1127 Makawao Ave,Makawao,96768,Hawaii,US,18085722299,info@krankmaui.com,https://www.krankmaui.com/,krankmaui.com,Bicycle store,Bicycle rental service,Yes,232,4.8,open,"Friday, 10â€¯AM-5â€¯PM; Saturday, 10â€¯AM-5â€¯PM; Sunday, 10â€¯AM-5â€¯PM; Monday, 10â€¯AM-5â€¯PM; Tuesday, 10â€¯AM-5â€¯PM; Wednesday, 10â€¯AM-5â€¯PM; Thursday, 10â€¯AM-5â€¯PM; ",10â€¯AM-5â€¯PM,10â€¯AM-5â€¯PM,10â€¯AM-5â€¯PM,10â€¯AM-5â€¯PM,10â€¯AM-5â€¯PM,10â€¯AM-5â€¯PM,10â€¯AM-5â€¯PM,Lat 20.8529043,Lng -156.3119107,73G5VM3Q+568,https://www.google.com/search?kgmid=/g/1pp2vlnzw,https://lh5.googleusercontent.com/p/AF1QipOi-a0WGukShaodNmzSZHUqHrbwUhj0D-t5V8Ad,"https://t1.gstatic.com/faviconV2?client=SOCIAL&type=FAVICON&fallback_opts=TYPE,SIZE,URL&url=https://www.krankmaui.com/&size=48","https://search.google.com/local/reviews?placeid=ChIJBZ7ZoW3LVHkREyFOOtfCkrU&q=bicycle+shop+near+Maui+County,+Hawaii,+USA&authuser=0&hl=en",(808) 572-2299 | (808) 893-2039 | (808) 481-4189,https://www.facebook.com/KrankCyclesMaui/,https://twitter.com/krankcycles,https://www.instagram.com/krankcyclesmaui/,https://www.youtube.com/c/Krankmaui/
Maui Sunriders Bike Co,71 Baldwin Ave Suite D3  Paia  HI 96779  United States,71 Baldwin Ave Suite D3,Paia,96779,Hawaii,US,18085798970,info@mauisunriders.com,https://www.mauisunriders.com/,mauisunriders.com,Electric bicycle store,Bicycle rental service,Yes,520,4.9,open,"Friday, 8â€¯AM-4â€¯PM; Saturday, 8â€¯AM-4â€¯PM; Sunday, 8â€¯AM-4â€¯PM; Monday, 8â€¯AM-4â€¯PM; Tuesday, 8â€¯AM-4â€¯PM; Wednesday, 8â€¯AM-4â€¯PM; Thursday, 8â€¯AM-4â€¯PM; ",8â€¯AM-4â€¯PM,8â€¯AM-4â€¯PM,8â€¯AM-4â€¯PM,8â€¯AM-4â€¯PM,8â€¯AM-4â€¯PM,8â€¯AM-4â€¯PM,8â€¯AM-4â€¯PM,Lat 20.9151381,Lng -156.3793031,73G5WJ8C+374,https://www.google.com/search?kgmid=/g/1tdnx3b0,https://lh5.googleusercontent.com/p/CIHM0ogKEICAgICyr9yJWg,"https://t1.gstatic.com/faviconV2?client=SOCIAL&type=FAVICON&fallback_opts=TYPE,SIZE,URL&url=https://www.mauisunriders.com/&size=48","https://search.google.com/local/reviews?placeid=ChIJU4RQdyAzq34RSWSsAJHmBaQ&q=bicycle+shop+near+Maui+County,+Hawaii,+USA&authuser=0&hl=en",18085798970,https://www.facebook.com/mauisunriders/, ,https://www.instagram.com/mauisunriders/,
Mountain Riders,497 Baldwin Ave  Paia  HI 96779  United States,497 Baldwin Ave,Paia,96779,Hawaii,US,18088774944,info@mountainriders.com,https://www.mountainriders.com/?utm_source=gmb&utm_medium=organic,mountainriders.com,Bicycle rental service,,Yes,292,4.5,open,"Friday, 7â€¯AM-10â€¯PM; Saturday, 7â€¯AM-10â€¯PM; Sunday, 7â€¯AM-10â€¯PM; Monday, 7â€¯AM-10â€¯PM; Tuesday, 7â€¯AM-10â€¯PM; Wednesday, 7â€¯AM-10â€¯PM; Thursday, 7â€¯AM-10â€¯PM; ",7â€¯AM-10â€¯PM,7â€¯AM-10â€¯PM,7â€¯AM-10â€¯PM,7â€¯AM-10â€¯PM,7â€¯AM-10â€¯PM,7â€¯AM-10â€¯PM,7â€¯AM-10â€¯PM,Lat 20.9068306,Lng -156.3745815,73G5WJ4G+P5M,https://www.google.com/search?kgmid=/g/1tj9c63y,https://lh5.googleusercontent.com/p/CIHM0ogKEICAgICJkJngMQ,"https://t1.gstatic.com/faviconV2?client=SOCIAL&type=FAVICON&fallback_opts=TYPE,SIZE,URL&url=https://www.mountainriders.com/?utm_source=gmb&utm_medium=organic&size=48","https://search.google.com/local/reviews?placeid=ChIJr_i0tyHTVHkRS79iiRWTvIw&q=bicycle+shop+near+Maui+County,+Hawaii,+USA&authuser=0&hl=en",18088774944, , ,,
West Maui Cycles,1087 Limahana Pl  Lahaina  HI 96761  United States,1087 Limahana Pl,Lahaina,96761,Hawaii,US,,info@westmauicycles.com,http://www.westmauicycles.com/,westmauicycles.com,Bicycle store,Bicycle rental service,No,110,4.6,Temporarily closed, ,,,,,,,,Lat 20.882403699999998,Lng -156.68098949999998,73G5V8J9+XJ6,https://www.google.com/search?kgmid=/g/1w97vll7,https://lh5.googleusercontent.com/p/CIHM0ogKEICAgIC8l7KvCg,"https://t1.gstatic.com/faviconV2?client=SOCIAL&type=FAVICON&fallback_opts=TYPE,SIZE,URL&url=http://www.westmauicycles.com/&size=48","https://search.google.com/local/reviews?placeid=ChIJQxSzzKQrVXkRbZk04Sqa5W4&q=bicycle+shop+near+Maui+County,+Hawaii,+USA&authuser=0&hl=en",,http://www.facebook.com/100002270434507, ,,http://www.youtube.com/channel/UCeByFsWGcR-yHAaSuXBFSFQ
The Bike Shop - Aiea,98-019 Kamehameha Hwy  Aiea  HI 96701  United States,98-019 Kamehameha Hwy,Aiea,96701,Hawaii,US,18084873615,,https://www.bikeshophawaii.com/,bikeshophawaii.com,Bicycle store,Bicycle rental service,Yes,101,4,open,"Friday, 10â€¯AM-6â€¯PM; Saturday, 10â€¯AM-5â€¯PM; Sunday, 10â€¯AM-5â€¯PM; Monday, 10â€¯AM-6â€¯PM; Tuesday, 10â€¯AM-6â€¯PM; Wednesday, 10â€¯AM-6â€¯PM; Thursday, 10â€¯AM-6â€¯PM; ",10â€¯AM-5â€¯PM,10â€¯AM-5â€¯PM,10â€¯AM-6â€¯PM,10â€¯AM-6â€¯PM,10â€¯AM-6â€¯PM,10â€¯AM-6â€¯PM,10â€¯AM-6â€¯PM,Lat 21.3851245,Lng -157.950962,73H492PX+2JV,https://www.google.com/search?kgmid=/g/1xtf1sk2,https://lh5.googleusercontent.com/p/CIHM0ogKEICAgICEqa_f6gE,"https://t1.gstatic.com/faviconV2?client=SOCIAL&type=FAVICON&fallback_opts=TYPE,SIZE,URL&url=https://www.bikeshophawaii.com/&size=48","https://search.google.com/local/reviews?placeid=ChIJiQ8J3v9lAHwRHXZNNc0Wzm4&q=bicycle+shop+near+Balance+of+Honolulu+County,+Hawaii,+USA&authuser=0&hl=en",,https://www.facebook.com/TheBikeShopHawaii,https://twitter.com/bikeshophawaii,https://www.instagram.com/thebikeshophawaii/,https://www.youtube.com/channel/UCtE8aGJqPX6DulOwUWuZBwA
The Bike Shop,1149 S King St  Honolulu  HI 96814  United States,1149 S King St,Honolulu,96814,Hawaii,US,18085960588,,http://www.bikeshophawaii.com/,bikeshophawaii.com,Bicycle store,Bicycle rack,Yes,172,4.4,open,"Friday, 10â€¯AM-6â€¯PM; Saturday, 10â€¯AM-5â€¯PM; Sunday, 10â€¯AM-5â€¯PM; Monday, 10â€¯AM-6â€¯PM; Tuesday, 10â€¯AM-6â€¯PM; Wednesday, 10â€¯AM-6â€¯PM; Thursday, 10â€¯AM-6â€¯PM; ",10â€¯AM-5â€¯PM,10â€¯AM-5â€¯PM,10â€¯AM-6â€¯PM,10â€¯AM-6â€¯PM,10â€¯AM-6â€¯PM,10â€¯AM-6â€¯PM,10â€¯AM-6â€¯PM,Lat 21.299875,Lng -157.8447176,73H475X4+X4V,https://www.google.com/search?kgmid=/g/1tf65ppx,https://lh5.googleusercontent.com/p/CIHM0ogKEICAgIDezITzYA,"https://t1.gstatic.com/faviconV2?client=SOCIAL&type=FAVICON&fallback_opts=TYPE,SIZE,URL&url=http://www.bikeshophawaii.com/&size=48","https://search.google.com/local/reviews?placeid=ChIJjZPbpehtAHwRvh2jn0Uw0WU&q=bicycle+shop+near+Honolulu+County,+Hawaii,+USA&authuser=0&hl=en",,https://www.facebook.com/TheBikeShopHawaii,https://twitter.com/bikeshophawaii,https://www.instagram.com/thebikeshophawaii/,https://www.youtube.com/channel/UCtE8aGJqPX6DulOwUWuZBwA
Ebikes Hawaii Kapolei,2045 Lauwiliwili St Suite 205  Kapolei  HI 96707  United States,2045 Lauwiliwili St Suite 205,Kapolei,96707,Hawaii,US,18087225454,,http://www.ebikeshawaii.com/,ebikeshawaii.com,Bicycle store,Bicycle repair shop,Yes,45,4.7,open,"Friday, 9:30â€¯AM-5:30â€¯PM; Saturday, 10â€¯AM-5â€¯PM; Sunday, Closed; Monday, Closed; Tuesday, 9:30â€¯AM-5:30â€¯PM; Wednesday, 9:30â€¯AM-5:30â€¯PM; Thursday, 9:30â€¯AM-5:30â€¯PM; ",10â€¯AM-5â€¯PM,Closed,Closed,9:30â€¯AM-5:30â€¯PM,9:30â€¯AM-5:30â€¯PM,9:30â€¯AM-5:30â€¯PM,9:30â€¯AM-5:30â€¯PM,Lat 21.322814899999997,Lng -158.0901031,73H38WF5+4XC,https://www.google.com/search?kgmid=/g/11c4bf7l7v,https://lh5.googleusercontent.com/p/AF1QipOFfgNQ5QUFmTuRuLhN5eru1M2RNoxh7694lcBV,"https://t1.gstatic.com/faviconV2?client=SOCIAL&type=FAVICON&fallback_opts=TYPE,SIZE,URL&url=http://www.ebikeshawaii.com/&size=48","https://search.google.com/local/reviews?placeid=ChIJIWV4eSxjAHwRenODza95GPE&q=bicycle+shop+near+Balance+of+Honolulu+County,+Hawaii,+USA&authuser=0&hl=en",(808) 722-5454 | +18087225454 | 8087225454, , ,https://www.instagram.com/ebikeshawaii/,https://www.youtube.com/@EbikesHawaii
Krank Cycles West Maui,142 Kupuohi St #F3  Lahaina  HI 96761  United States,142 Kupuohi St #F3,Lahaina,96761,Hawaii,US,18084814189,,https://krankmaui.com/,krankmaui.com,Bicycle store,Bicycle rental service,Yes,17,5,open,"Friday, 10â€¯AM-5â€¯PM; Saturday, 10â€¯AM-5â€¯PM; Sunday, 10â€¯AM-5â€¯PM; Monday, 10â€¯AM-5â€¯PM; Tuesday, 10â€¯AM-5â€¯PM; Wednesday, 10â€¯AM-5â€¯PM; Thursday, 10â€¯AM-5â€¯PM; ",10â€¯AM-5â€¯PM,10â€¯AM-5â€¯PM,10â€¯AM-5â€¯PM,10â€¯AM-5â€¯PM,10â€¯AM-5â€¯PM,10â€¯AM-5â€¯PM,10â€¯AM-5â€¯PM,Lat 20.8837521,Lng -156.6768385,73G5V8MF+G73,https://www.google.com/search?kgmid=/g/11vyfhfp5b,https://lh5.googleusercontent.com/p/CIHM0ogKEICAgIC_j6KPSA,"https://t1.gstatic.com/faviconV2?client=SOCIAL&type=FAVICON&fallback_opts=TYPE,SIZE,URL&url=https://krankmaui.com/&size=48","https://search.google.com/local/reviews?placeid=ChIJp0cmNGgrVXkRl4VH41AEHwM&q=bicycle+shop+near+Maui+County,+Hawaii,+USA&authuser=0&hl=en",(808) 572-2299 | (808) 893-2039 | (808) 481-4189,https://www.facebook.com/KrankCyclesMaui/,https://twitter.com/krankcycles,https://www.instagram.com/krankcyclesmaui/,https://www.youtube.com/c/Krankmaui/
Krank Cycles Airport,270 Dairy Rd #154  Kahului  HI 96732  United States,270 Dairy Rd #154,Kahului,96732,Hawaii,US,18088932039,,https://krankmaui.com/pages/krank-cycles-airport,krankmaui.com,Bicycle store,Bicycle club,Yes,29,4.7,open,"Friday, 10â€¯AM-5â€¯PM; Saturday, 10â€¯AM-5â€¯PM; Sunday, 10â€¯AM-5â€¯PM; Monday, 10â€¯AM-5â€¯PM; Tuesday, 10â€¯AM-5â€¯PM; Wednesday, 10â€¯AM-5â€¯PM; Thursday, 10â€¯AM-5â€¯PM; ",10â€¯AM-5â€¯PM,10â€¯AM-5â€¯PM,10â€¯AM-5â€¯PM,10â€¯AM-5â€¯PM,10â€¯AM-5â€¯PM,10â€¯AM-5â€¯PM,10â€¯AM-5â€¯PM,Lat 20.879967,Lng -156.4553798,73G5VGHV+XRQ,https://www.google.com/search?kgmid=/g/11smnr6933,https://lh5.googleusercontent.com/p/AF1QipNVxd2TlKeE1MT8b7hqZxQCN36Qr51U2sA-o-qh,"https://t1.gstatic.com/faviconV2?client=SOCIAL&type=FAVICON&fallback_opts=TYPE,SIZE,URL&url=https://krankmaui.com/pages/krank-cycles-airport&size=48","https://search.google.com/local/reviews?placeid=ChIJyfTKtHTTVHkRbUTmBtI32ls&q=bicycle+shop+near+Maui+County,+Hawaii,+USA&authuser=0&hl=en",(808) 572-2299 | (808) 893-2039 | (808) 481-4189,https://www.facebook.com/KrankCyclesMaui/,https://twitter.com/krankcycles,https://www.instagram.com/krankcyclesmaui/,https://www.youtube.com/c/Krankmaui/
BikeIt Poipu - Kauai Ebike Tours,5485 Koloa Rd #451  Koloa  HI 96756  United States,5485 Koloa Rd #451,Koloa,96756,Hawaii,US,18083468448,,http://www.bikeit.fun/,bikeit.fun,Bicycle rental service,,Yes,123,5,open,"Friday, 7â€¯AM-4â€¯PM; Saturday, 7â€¯AM-4â€¯PM; Sunday, 7â€¯AM-4â€¯PM; Monday, 7â€¯AM-4â€¯PM; Tuesday, 7â€¯AM-4â€¯PM; Wednesday, 7â€¯AM-4â€¯PM; Thursday, 7â€¯AM-4â€¯PM; ",7â€¯AM-4â€¯PM,7â€¯AM-4â€¯PM,7â€¯AM-4â€¯PM,7â€¯AM-4â€¯PM,7â€¯AM-4â€¯PM,7â€¯AM-4â€¯PM,7â€¯AM-4â€¯PM,Lat 21.9052862,Lng -159.4639758,73H2WG4P+4C6,https://www.google.com/search?kgmid=/g/11txpcsfjd,https://lh5.googleusercontent.com/p/AF1QipMaYZSn9-Ki7m1ObDXaso9O6ZqZVp3sr4pcxOa4,"https://t1.gstatic.com/faviconV2?client=SOCIAL&type=FAVICON&fallback_opts=TYPE,SIZE,URL&url=http://www.bikeit.fun/&size=48","https://search.google.com/local/reviews?placeid=ChIJ29w-N8gHrGwRmUSv59j0GP0&q=bicycle+shop+near+Kauai+County,+Hawaii,+USA&authuser=0&hl=en",,https://www.facebook.com/people/BikeIt-Poipu/100092433035901/, ,https://www.instagram.com/bikeitpoipu/,
Bike Doktor,5-5052 Kuhio Hwy  Hanalei  HI 96714  United States,5-5052 Kuhio Hwy,Hanalei,96714,Hawaii,US,18088267799,,http://bikedok.com/,bikedok.com,Bicycle store,Bicycle rental service,Yes,31,4.3,open,"Friday, 9â€¯AM-3â€¯PM; Saturday, 9â€¯AM-3â€¯PM; Sunday, Closed; Monday, 9â€¯AM-3â€¯PM; Tuesday, 9â€¯AM-3â€¯PM; Wednesday, 9â€¯AM-3â€¯PM; Thursday, 9â€¯AM-3â€¯PM; ",9â€¯AM-3â€¯PM,Closed,9â€¯AM-3â€¯PM,9â€¯AM-3â€¯PM,9â€¯AM-3â€¯PM,9â€¯AM-3â€¯PM,9â€¯AM-3â€¯PM,Lat 22.2041313,Lng -159.49276949999998,73J26G34+MV5,https://www.google.com/search?kgmid=/g/1tklqs2n,https://lh5.googleusercontent.com/p/CIHM0ogKEICAgIDk6beRygE,"https://t1.gstatic.com/faviconV2?client=SOCIAL&type=FAVICON&fallback_opts=TYPE,SIZE,URL&url=http://bikedok.com/&size=48","https://search.google.com/local/reviews?placeid=ChIJw4yVKm36BnwRiLwm7bZGVBA&q=bicycle+shop+near+Kauai+County,+Hawaii,+USA&authuser=0&hl=en",18088267799, , ,,
Beat Any Price Rentals.com,658 Front St  Lahaina  HI 96761  United States,658 Front St,Lahaina,96761,Hawaii,US,18082834100,,,,Bicycle rental service, ,Yes,38,4.9,Temporarily closed, ,,,,,,,,Lat 20.872618499999998,Lng -156.6773967,73G5V8FF+22X,https://www.google.com/search?kgmid=/g/11h7jn3gq5,https://lh5.googleusercontent.com/p/AF1QipNvRIi_VbSpsNupwE1vC60RvyWEPAPVJ7s9g1oh, ,"https://search.google.com/local/reviews?placeid=ChIJ7yD1luUrVXkRxuigkh6yQjk&q=bicycle+shop+near+Maui+County,+Hawaii,+USA&authuser=0&hl=en", , , , , 
Bicycle Repair Shop,940 Hausten St  Honolulu  HI 96826  United States,940 Hausten St,Honolulu,96826,Hawaii,US,,,,,Bicycle repair shop, ,No,,,open, ,,,,,,,,Lat 21.292344,Lng -157.824139,73H475RG+W8Q,https://www.google.com/search?kgmid=/g/11x0xyd5xc,https://lh5.googleusercontent.com/p/Q7pI8x-Eyp7qpHbPzh4T4A, , , , , , , 
Biking Maui,Kahului  HI 96732  United States,Kahului  HI 96732,Kahului,96732,Hawaii,US,18088716336,,,,Bicycle store, ,No,,,permanently closed, ,,,,,,,,Lat 20.8945819,Lng -156.4689593,73G5VGVJ+RCM,https://www.google.com/search?kgmid=/g/1td057vk, , , , , , , , 
Mid Pacific Wheels LLC,1133 Manono St #4  Hilo  HI 96720  United States,1133 Manono St #4,Hilo,96720,Hawaii,US,18089356211,,,,Bicycle store, ,No,51,4.6,open,"Friday, 10â€¯AM-4â€¯PM; Saturday, 10â€¯AM-4â€¯PM; Sunday, Closed; Monday, 10â€¯AM-4â€¯PM; Tuesday, 10â€¯AM-4â€¯PM; Wednesday, 10â€¯AM-4â€¯PM; Thursday, 10â€¯AM-4â€¯PM; ",10â€¯AM-4â€¯PM,Closed,10â€¯AM-4â€¯PM,10â€¯AM-4â€¯PM,10â€¯AM-4â€¯PM,10â€¯AM-4â€¯PM,10â€¯AM-4â€¯PM,Lat 19.706661,Lng -155.069793,73F6PW4J+M38,https://www.google.com/search?kgmid=/g/1tcys0k_,https://lh5.googleusercontent.com/p/CIHM0ogKEICAgICiltCOnQE, ,"https://search.google.com/local/reviews?placeid=ChIJf8yJhWlLUnkRO4ZxUYRJpkQ&q=bicycle+shop+near+Hawaii+County,+Hawaii,+USA&authuser=0&hl=en", , , , , 
Haleakala Bike Co.,Haiku-Pauwela  HI 96708  United States,Haiku-Pauwela  HI 96708,Haiku-Pauwela, ,Hawaii,US,,,,,Bicycle store, ,No,,,open, ,,,,,,,,Lat 20.9134961,Lng -156.3227602,73G5WM7G+9VX,https://www.google.com/search?kgmid=/g/11xr_9nptt,https://lh5.googleusercontent.com/p/oCr7SaEvvt98tO2O2sVWcg, , , , , , , 
All Kine Bicycles,15-1742 21st Ave  Keaau  HI 96749  United States,15-1742 21st Ave,Keaau,96749,Hawaii,US,18083453417,,,,Bicycle store,Bicycle rental service,Yes,34,4.7,open,"Friday, 12-6â€¯PM; Saturday, 10â€¯AM-6â€¯PM; Sunday, Closed; Monday, 12-6â€¯PM; Tuesday, 12-6â€¯PM; Wednesday, 12-6â€¯PM; Thursday, 12-6â€¯PM; ",10â€¯AM-6â€¯PM,Closed,12-6â€¯PM,12-6â€¯PM,12-6â€¯PM,12-6â€¯PM,12-6â€¯PM,Lat 19.5746644,Lng -154.9749579,73F7H2FG+V27,https://www.google.com/search?kgmid=/g/11c1nj6chx,https://lh5.googleusercontent.com/p/AF1QipOpmz-SMhJfBOo5MGSIQLieeKBvBZ4ZDzzAKylp, ,"https://search.google.com/local/reviews?placeid=ChIJR3JHLKhMUnkR3fKn5lMpY1w&q=bicycle+shop+near+Hawaii+County,+Hawaii,+USA&authuser=0&hl=en", , , , , 
eBikes-Hawaii,991 Limahana Pl  Lahaina  HI 96761  United States,991 Limahana Pl,Lahaina,96761,Hawaii,US,,,,,Bicycle store,Bicycle repair shop,Yes,1,1,open,"Friday, 11â€¯AM-5â€¯PM; Saturday, 10â€¯AM-1â€¯PM; Sunday, Closed; Monday, 11â€¯AM-5â€¯PM; Tuesday, Closed; Wednesday, 11â€¯AM-5â€¯PM; Thursday, Closed; ",10â€¯AM-1â€¯PM,Closed,11â€¯AM-5â€¯PM,Closed,11â€¯AM-5â€¯PM,Closed,11â€¯AM-5â€¯PM,Lat 20.8807482,Lng -156.6796743,73G5V8JC+74W,https://www.google.com/search?kgmid=/g/11qqmzqv2r,https://lh5.googleusercontent.com/p/AF1QipOapYP2TqRtXZ0XaP0UI9ePCssAbXN5kY8rl5LD, ,"https://search.google.com/local/reviews?placeid=ChIJV_SfHKErVXkRJlwuyguPvtQ&q=bicycle+shop+near+Maui+County,+Hawaii,+USA&authuser=0&hl=en", , , , , 
808 cycle center,2131 S Beretania St.  Honolulu  HI 96826  United States,2131 S Beretania St.,Honolulu,96826,Hawaii,US,18088458888,,,,Bicycle store, ,No,13,5,open,"Friday, 11â€¯AM-5â€¯PM; Saturday, 11â€¯AM-5â€¯PM; Sunday, Closed; Monday, Closed; Tuesday, 11â€¯AM-5â€¯PM; Wednesday, 11â€¯AM-5â€¯PM; Thursday, 11â€¯AM-5â€¯PM; ",11â€¯AM-5â€¯PM,Closed,Closed,11â€¯AM-5â€¯PM,11â€¯AM-5â€¯PM,11â€¯AM-5â€¯PM,11â€¯AM-5â€¯PM,Lat 21.2955774,Lng -157.82709839999998,73H475WF+65J,https://www.google.com/search?kgmid=/g/11cs4glbvn,https://lh5.googleusercontent.com/p/bPZ1gKDbU6_pB4DDzkEOMA, ,"https://search.google.com/local/reviews?placeid=ChIJY8h2X5FtAHwRGLJk4nOkzvk&q=bicycle+shop+near+Honolulu+County,+Hawaii,+USA&authuser=0&hl=en", , , , , 
RideSmart Electric Bikes,30 Halawai Dr W2  Lahaina  HI 96761  United States,30 Halawai Dr W2,Lahaina,96761,Hawaii,US,18088681272,,https://www.ridesmartmaui.com/,ridesmartmaui.com,Bicycle rental service,Bicycle repair shop,Yes,2,5,open,"Friday, 9â€¯AM-6â€¯PM; Saturday, 9â€¯AM-5â€¯PM; Sunday, 9â€¯AM-5â€¯PM; Monday, 9â€¯AM-6â€¯PM; Tuesday, 9â€¯AM-6â€¯PM; Wednesday, 9â€¯AM-6â€¯PM; Thursday, 9â€¯AM-6â€¯PM; ",9â€¯AM-5â€¯PM,9â€¯AM-5â€¯PM,9â€¯AM-6â€¯PM,9â€¯AM-6â€¯PM,9â€¯AM-6â€¯PM,9â€¯AM-6â€¯PM,9â€¯AM-6â€¯PM,Lat 20.9419288,Lng -156.68898009999998,73G5W8R6+QCC,https://www.google.com/search?kgmid=/g/11xl4yy477,https://lh5.googleusercontent.com/p/AF1QipP9BUTjdtxyFXt2Po0NVJIMkfBkqx0j3lsdHL-n,"https://t1.gstatic.com/faviconV2?client=SOCIAL&type=FAVICON&fallback_opts=TYPE,SIZE,URL&url=https://www.ridesmartmaui.com/&size=48","https://search.google.com/local/reviews?placeid=ChIJ1ytnFwTVqn4Rdd-ni2ZxIIc&q=bicycle+shop+near+Maui+County,+Hawaii,+USA&authuser=0&hl=en",, , ,,
tiki's E-bike sales and rental,1975 S Kihei Rd  Kihei  HI 96753  United States,1975 S Kihei Rd,Kihei,96753,Hawaii,US,18088680083,,https://tikisebikes.com/,tikisebikes.com,Bicycle rental service, ,Yes,28,4.9,open,"Friday, 10â€¯AM-4â€¯PM; Saturday, 10â€¯AM-4â€¯PM; Sunday, 10â€¯AM-4â€¯PM; Monday, 10â€¯AM-4â€¯PM; Tuesday, 10â€¯AM-4â€¯PM; Wednesday, 10â€¯AM-4â€¯PM; Thursday, 10â€¯AM-4â€¯PM; ",10â€¯AM-4â€¯PM,10â€¯AM-4â€¯PM,10â€¯AM-4â€¯PM,10â€¯AM-4â€¯PM,10â€¯AM-4â€¯PM,10â€¯AM-4â€¯PM,10â€¯AM-4â€¯PM,Lat 20.730524499999998,Lng -156.4513902,73G5PGJX+6C5,https://www.google.com/search?kgmid=/g/11vyd83816,https://lh5.googleusercontent.com/p/AF1QipOFOIQk5Ndf1crWH2tUdsKnqElCGTG-FnRuWFe0,"https://t1.gstatic.com/faviconV2?client=SOCIAL&type=FAVICON&fallback_opts=TYPE,SIZE,URL&url=https://tikisebikes.com/&size=48","https://search.google.com/local/reviews?placeid=ChIJ22jsNg_RVHkRvj99yDhZ7wA&q=bicycle+shop+near+Maui+County,+Hawaii,+USA&authuser=0&hl=en",, , ,,
808eVentures,2463 KÅ«hiÅ Ave. B1  Honolulu  HI 96815  United States,2463 KÅ«hiÅ Ave. B1,Honolulu,96815,Hawaii,US,18087664338,,https://808eventures.com/,808eventures.com,Bicycle rental service,Electric bicycle store,Yes,319,5,open,"Friday, 8â€¯AM-5â€¯PM; Saturday, 8â€¯AM-5â€¯PM; Sunday, 8â€¯AM-5â€¯PM; Monday, 8â€¯AM-5â€¯PM; Tuesday, 8â€¯AM-5â€¯PM; Wednesday, 8â€¯AM-5â€¯PM; Thursday, 8â€¯AM-5â€¯PM; ",8â€¯AM-5â€¯PM,8â€¯AM-5â€¯PM,8â€¯AM-5â€¯PM,8â€¯AM-5â€¯PM,8â€¯AM-5â€¯PM,8â€¯AM-5â€¯PM,8â€¯AM-5â€¯PM,Lat 21.275912299999998,Lng -157.8231545,73H475GG+9P9,https://www.google.com/search?kgmid=/g/11rtmyjxd6,https://lh5.googleusercontent.com/p/AF1QipOEVYskSYuWw246ZW8GKEhl7yweLZrBn0ZG6v-5,"https://t1.gstatic.com/faviconV2?client=SOCIAL&type=FAVICON&fallback_opts=TYPE,SIZE,URL&url=https://808eventures.com/&size=48","https://search.google.com/local/reviews?placeid=ChIJ39HiqXVzAHwR_Bn52abRqNo&q=bicycle+shop+near+Honolulu+County,+Hawaii,+USA&authuser=0&hl=en",, , ,,
Hawa E-Bikes,213 Kalanianaole St  Hilo  HI 96720  United States,213 Kalanianaole St,Hilo,96720,Hawaii,US,18084942147,,https://hawae-bikes.com/,hawae-bikes.com,Bicycle rental service,Bicycle Shop,Yes,16,5,open, ,,,,,,,,Lat 19.7244317,Lng -155.06096399999998,73F6PWFQ+QJF,https://www.google.com/search?kgmid=/g/11v3t_npj9,https://lh5.googleusercontent.com/p/CIHM0ogKEICAgICdxpjxRA,"https://t1.gstatic.com/faviconV2?client=SOCIAL&type=FAVICON&fallback_opts=TYPE,SIZE,URL&url=https://hawae-bikes.com/&size=48","https://search.google.com/local/reviews?placeid=ChIJ4XQ2o4oxUnkRNZBmCDAVHsI&q=bicycle+shop+near+Hawaii+County,+Hawaii,+USA&authuser=0&hl=en",, , ,,https://www.youtube.com/embed/cAJGHnBrdcs?feature=oembed?playlist=cAJGHnBrdcs&mute=0&autoplay=0&loop=no&controls=1&start=0&end=
eco e-bikes KauaÊ»i,4273 Rice St # B  Lihue  HI 96766  United States,4273 Rice St # B,Lihue,96766,Hawaii,US,18083531889,,http://ecoebikeskauai.com/,ecoebikeskauai.com,Bicycle rental service, ,Yes,25,4.8,open,"Friday, 9â€¯AM-5â€¯PM; Saturday, 9â€¯AM-5â€¯PM; Sunday, 9â€¯AM-5â€¯PM; Monday, 9â€¯AM-5â€¯PM; Tuesday, 9â€¯AM-5â€¯PM; Wednesday, 9â€¯AM-5â€¯PM; Thursday, 9â€¯AM-5â€¯PM; ",9â€¯AM-5â€¯PM,9â€¯AM-5â€¯PM,9â€¯AM-5â€¯PM,9â€¯AM-5â€¯PM,9â€¯AM-5â€¯PM,9â€¯AM-5â€¯PM,9â€¯AM-5â€¯PM,Lat 21.9722768,Lng -159.3650544,73H2XJCM+WX8,https://www.google.com/search?kgmid=/g/11h8n007v4,https://lh5.googleusercontent.com/p/CIHM0ogKEICAgMDol5vrYQ,"https://t1.gstatic.com/faviconV2?client=SOCIAL&type=FAVICON&fallback_opts=TYPE,SIZE,URL&url=http://ecoebikeskauai.com/&size=48","https://search.google.com/local/reviews?placeid=ChIJ5Y2IIJkfB3wR-AZSJTFoSOo&q=bicycle+shop+near+Kauai+County,+Hawaii,+USA&authuser=0&hl=en",8083531889, , ,,
Molokai Bicycle,80 Mohala St  Kaunakakai  HI 96748  United States,80 Mohala St,Kaunakakai,96748,Hawaii,US,18087473760,,http://www.mauimolokaibicycle.com/,mauimolokaibicycle.com,Bicycle rental service, ,No,23,4.9,open,"Friday, Closed; Saturday, 9â€¯AM-2â€¯PM; Sunday, Closed; Monday, Closed; Tuesday, Closed; Wednesday, 2-5â€¯PM; Thursday, Closed; ",9â€¯AM-2â€¯PM,Closed,Closed,Closed,2-5â€¯PM,Closed,Closed,Lat 21.089643199999998,Lng -157.02075019999998,73H43XQH+VM5,https://www.google.com/search?kgmid=/g/1tcwrbwq,https://lh5.googleusercontent.com/p/CIHM0ogKEICAgICE8MX4LQ,"https://t1.gstatic.com/faviconV2?client=SOCIAL&type=FAVICON&fallback_opts=TYPE,SIZE,URL&url=http://www.mauimolokaibicycle.com/&size=48","https://search.google.com/local/reviews?placeid=ChIJ9zAP6RK2qn4Rj_PLLs4XBCI&q=bicycle+shop+near+Kalawao+County,+Hawaii,+USA&authuser=0&hl=en",, , ,,
Hele On Kauai Bike Rentals,4-1302 Kuhio Hwy  KapaÊ»a  HI 96746  United States,4-1302 Kuhio Hwy,KapaÊ»a,96746,Hawaii,US,18088224628,,http://www.kauaibeachbikerentals.com/,kauaibeachbikerentals.com,Bicycle rental service,Bicycle Shop,Yes,260,4.8,open,"Friday, 9â€¯AM-5â€¯PM; Saturday, 9â€¯AM-5â€¯PM; Sunday, 9â€¯AM-5â€¯PM; Monday, 9â€¯AM-5â€¯PM; Tuesday, 9â€¯AM-5â€¯PM; Wednesday, 9â€¯AM-5â€¯PM; Thursday, 9â€¯AM-5â€¯PM; ",9â€¯AM-5â€¯PM,9â€¯AM-5â€¯PM,9â€¯AM-5â€¯PM,9â€¯AM-5â€¯PM,9â€¯AM-5â€¯PM,9â€¯AM-5â€¯PM,9â€¯AM-5â€¯PM,Lat 22.0743571,Lng -159.3187993,73J23MFJ+PFW,https://www.google.com/search?kgmid=/g/11_pnq5mw,https://lh5.googleusercontent.com/p/CIHM0ogKEICAgIDP5MzRGA,"https://t1.gstatic.com/faviconV2?client=SOCIAL&type=FAVICON&fallback_opts=TYPE,SIZE,URL&url=http://www.kauaibeachbikerentals.com/&size=48","https://search.google.com/local/reviews?placeid=ChIJAWGdPO3gBnwRAW_a42WF6-Q&q=bicycle+shop+near+Kauai+County,+Hawaii,+USA&authuser=0&hl=en",+1(808)822-4628 | 8088224628, , ,https://www.instagram.com/heleonkauai,
Kauai Bike Explorer,4-484 Kuhio Hwy Suite: 21  KapaÊ»a  HI 96746  United States,4-484 Kuhio Hwy Suite: 21,KapaÊ»a,96746,Hawaii,US,18083784447,,https://app.kekokauai.com/,app.kekokauai.com,Bicycle rental service, ,Yes,17,4.9,open,"Friday, 8â€¯AM-1â€¯PM; Saturday, 8â€¯AM-1â€¯PM; Sunday, Closed; Monday, 8â€¯AM-1â€¯PM; Tuesday, 8â€¯AM-1â€¯PM; Wednesday, 8â€¯AM-1â€¯PM; Thursday, 8â€¯AM-1â€¯PM; ",8â€¯AM-1â€¯PM,Closed,8â€¯AM-1â€¯PM,8â€¯AM-1â€¯PM,8â€¯AM-1â€¯PM,8â€¯AM-1â€¯PM,8â€¯AM-1â€¯PM,Lat 22.053936399999998,Lng -159.3288642,73J23M3C+HFC,https://www.google.com/search?kgmid=/g/11vpm4k89l,https://lh5.googleusercontent.com/p/AF1QipOxcvBtqv-NBwyLesd-fh5HCi3mU-UIjc51dmjS,"https://t1.gstatic.com/faviconV2?client=SOCIAL&type=FAVICON&fallback_opts=TYPE,SIZE,URL&url=https://app.kekokauai.com/&size=48","https://search.google.com/local/reviews?placeid=ChIJDyZ26_rhBnwR4h4jZ4u11aA&q=bicycle+shop+near+Kauai+County,+Hawaii,+USA&authuser=0&hl=en",,https://www.facebook.com/kekoadventures/, ,https://www.instagram.com/kekokauai/,
Bike Volcano,19-3972 Old Volcano Rd  Volcano  HI 96785  United States,19-3972 Old Volcano Rd,Volcano,96785,Hawaii,US,18089349199,,http://www.bikevolcano.com/,bikevolcano.com,Bicycle rental service,Tour operator,Yes,38,4.7,open,"Friday, 10â€¯AM-4â€¯PM; Saturday, Closed; Sunday, Closed; Monday, 10â€¯AM-4â€¯PM; Tuesday, 10â€¯AM-4â€¯PM; Wednesday, 10â€¯AM-4â€¯PM; Thursday, 10â€¯AM-4â€¯PM; ",Closed,Closed,10â€¯AM-4â€¯PM,10â€¯AM-4â€¯PM,10â€¯AM-4â€¯PM,10â€¯AM-4â€¯PM,10â€¯AM-4â€¯PM,Lat 19.4297955,Lng -155.2322375,73F6CQH9+W46,https://www.google.com/search?kgmid=/g/11sxwtbn5g,https://lh5.googleusercontent.com/p/CIHM0ogKEICAgICe_avoYw,"https://t1.gstatic.com/faviconV2?client=SOCIAL&type=FAVICON&fallback_opts=TYPE,SIZE,URL&url=http://www.bikevolcano.com/&size=48","https://search.google.com/local/reviews?placeid=ChIJeXNdFjPRU3kR4qBG0eyUYGs&q=bicycle+shop+near+Hawaii+County,+Hawaii,+USA&authuser=0&hl=en",, , ,,
Kauai EBikes,5460 Koloa Rd ste A1  Koloa  HI 96756  United States,5460 Koloa Rd ste A1,Koloa,96756,Hawaii,US,18087552453,,https://kauai-ebikes.com/,kauai-ebikes.com,Bicycle rental service, ,Yes,43,4.9,open,"Friday, 9â€¯AM-5â€¯PM; Saturday, 9â€¯AM-5â€¯PM; Sunday, 10â€¯AM-5â€¯PM; Monday, 9â€¯AM-5â€¯PM; Tuesday, 9â€¯AM-5â€¯PM; Wednesday, 9â€¯AM-12â€¯PM; Thursday, 9â€¯AM-5â€¯PM; ",9â€¯AM-5â€¯PM,10â€¯AM-5â€¯PM,9â€¯AM-5â€¯PM,9â€¯AM-5â€¯PM,9â€¯AM-12â€¯PM,9â€¯AM-5â€¯PM,9â€¯AM-5â€¯PM,Lat 21.9046295,Lng -159.4641041,73H2WG3P+V92,https://www.google.com/search?kgmid=/g/11js_0yxqx,https://lh5.googleusercontent.com/p/AF1QipPfD6LgyOtw8xbj26Cmh1GKZkazOdDGlB913eAM,"https://t1.gstatic.com/faviconV2?client=SOCIAL&type=FAVICON&fallback_opts=TYPE,SIZE,URL&url=https://kauai-ebikes.com/&size=48","https://search.google.com/local/reviews?placeid=ChIJgdHAsPMbB3wRKJHM9-dzb-c&q=bicycle+shop+near+Kauai+County,+Hawaii,+USA&authuser=0&hl=en",18087552453 | 8087552453,https://www.facebook.com/profile.php?id=100088855668568, ,https://instagram.com/kauai_ebikes?igshid=NDc0ODY0MjQ=,
Kimo's Electric Bike Tours,1770 S Kihei Rd  Kihei  HI 96753  United States,1770 S Kihei Rd,Kihei,96753,Hawaii,US,18086611345,,https://kimoselectricbikerentals.com/?y_source=1_NTg2MjU4MDAtNzE1LWxvY2F0aW9uLndlYnNpdGU%3D,kimoselectricbikerentals.com,Bicycle rental service,Bicycle Shop,Yes,,,open,"Friday, 8â€¯AM-4â€¯PM; Saturday, 8â€¯AM-4â€¯PM; Sunday, 8â€¯AM-4â€¯PM; Monday, 8â€¯AM-4â€¯PM; Tuesday, 8â€¯AM-4â€¯PM; Wednesday, 8â€¯AM-4â€¯PM; Thursday, 8â€¯AM-4â€¯PM; ",8â€¯AM-4â€¯PM,8â€¯AM-4â€¯PM,8â€¯AM-4â€¯PM,8â€¯AM-4â€¯PM,8â€¯AM-4â€¯PM,8â€¯AM-4â€¯PM,8â€¯AM-4â€¯PM,Lat 20.735845299999998,Lng -156.4535979,73G5PGPW+8HJ,https://www.google.com/search?kgmid=/g/11tfks8vzj,https://lh5.googleusercontent.com/p/AF1QipNjQsZutPcZDfkGtxWv7li_ccG73RdxN7wOkRNl,"https://t1.gstatic.com/faviconV2?client=SOCIAL&type=FAVICON&fallback_opts=TYPE,SIZE,URL&url=https://kimoselectricbikerentals.com/?y_source=1_NTg2MjU4MDAtNzE1LWxvY2F0aW9uLndlYnNpdGU%3D&size=48", ,8086613333,https://www.facebook.com/Kimos-Electric-Bike-Tours-108430453914776/, ,https://www.instagram.com/kimosebikes.maui/,
Briggs Bicycles,Harbor mall  Lihue  HI 96766  United States,Harbor mall,Lihue,96766,Hawaii,US,18082457579,,https://kauairoadbikerentals.com/,kauairoadbikerentals.com,Bicycle rental service,Bicycle Shop,Yes,53,4.8,open,"Friday, 10â€¯AM-4â€¯PM; Saturday, 10â€¯AM-3â€¯PM; Sunday, Closed; Monday, 10â€¯AM-5â€¯PM; Tuesday, 10â€¯AM-5â€¯PM; Wednesday, 10â€¯AM-5â€¯PM; Thursday, 10â€¯AM-5â€¯PM; ",10â€¯AM-3â€¯PM,Closed,10â€¯AM-5â€¯PM,10â€¯AM-5â€¯PM,10â€¯AM-5â€¯PM,10â€¯AM-5â€¯PM,10â€¯AM-4â€¯PM,Lat 21.961767899999998,Lng -159.353558,73H2XJ6W+PH4,https://www.google.com/search?kgmid=/g/11fzf7n32y,https://lh5.googleusercontent.com/p/AF1QipNU4ODRqdF6safElVRJm3fQ8uao8n88jC7Qq5EH,"https://t1.gstatic.com/faviconV2?client=SOCIAL&type=FAVICON&fallback_opts=TYPE,SIZE,URL&url=https://kauairoadbikerentals.com/&size=48","https://search.google.com/local/reviews?placeid=ChIJt_sokeseB3wRcMgUfJMCj_s&q=bicycle+shop+near+Kauai+County,+Hawaii,+USA&authuser=0&hl=en",, , , , 
Cycle Manoa,Honolulu  HI 96822  United States,Honolulu  HI 96822,Honolulu,96822,Hawaii,US,,,http://www.cyclemanoa.org/,cyclemanoa.org,Bicycle repair shop, ,No,5,5,open,"Friday, Closed; Saturday, Closed; Sunday, Closed; Monday, Closed; Tuesday, Closed; Wednesday, 6-8â€¯PM; Thursday, Closed; ",Closed,Closed,Closed,Closed,6-8â€¯PM,Closed,Closed,Lat 21.3070775,Lng -157.8122607,73H4854Q+R3Q,https://www.google.com/search?kgmid=/g/11fk3sbp0p,https://lh5.googleusercontent.com/p/CIHM0ogKEICAgICEgK2h8gE,"https://t1.gstatic.com/faviconV2?client=SOCIAL&type=FAVICON&fallback_opts=TYPE,SIZE,URL&url=http://www.cyclemanoa.org/&size=48","https://search.google.com/local/reviews?placeid=ChIJ5wB0J6ttAHwRgCApM6hOnTE&q=bicycle+shop+near+Balance+of+Honolulu+County,+Hawaii,+USA&authuser=0&hl=en",, , ,,
McCully Warehouse,932 Hausten St  Honolulu  HI 96826  United States,932 Hausten St,Honolulu,96826,Hawaii,US,18089461192,,http://www.mccullybike.com/pages/about-us,mccullybike.com,Bicycle repair shop, ,Yes,175,4.9,open,"Friday, 9â€¯AM-5â€¯PM; Saturday, 9â€¯AM-5â€¯PM; Sunday, 10â€¯AM-4â€¯PM; Monday, 9â€¯AM-5â€¯PM; Tuesday, 9â€¯AM-5â€¯PM; Wednesday, 9â€¯AM-5â€¯PM; Thursday, 9â€¯AM-5â€¯PM; ",9â€¯AM-5â€¯PM,10â€¯AM-4â€¯PM,9â€¯AM-5â€¯PM,9â€¯AM-5â€¯PM,9â€¯AM-5â€¯PM,9â€¯AM-5â€¯PM,9â€¯AM-5â€¯PM,Lat 21.292312,Lng -157.82434949999998,73H475RG+W7C,https://www.google.com/search?kgmid=/g/11bz_7s85x,https://lh5.googleusercontent.com/p/CIHM0ogKEICAgICB0NuhwQE,"https://t1.gstatic.com/faviconV2?client=SOCIAL&type=FAVICON&fallback_opts=TYPE,SIZE,URL&url=http://www.mccullybike.com/pages/about-us&size=48","https://search.google.com/local/reviews?placeid=ChIJTaOOtJFtAHwRqJKuxzNtx9g&q=bicycle+shop+near+Honolulu+County,+Hawaii,+USA&authuser=0&hl=en",, , ,,
Maui Sunriders Bike Shop Kihei,1847 S Kihei Rd  Kihei  HI 96753  United States,1847 S Kihei Rd,Kihei,96753,Hawaii,US,18085798970,,https://www.mauisunridersbikeshop.com/,mauisunridersbikeshop.com,Bicycle store,Bicycle rental service,Yes,219,5,open,"Friday, 9â€¯AM-5â€¯PM; Saturday, 9â€¯AM-5â€¯PM; Sunday, 9â€¯AM-5â€¯PM; Monday, 9â€¯AM-5â€¯PM; Tuesday, 9â€¯AM-5â€¯PM; Wednesday, 9â€¯AM-5â€¯PM; Thursday, 9â€¯AM-5â€¯PM; ",9â€¯AM-5â€¯PM,9â€¯AM-5â€¯PM,9â€¯AM-5â€¯PM,9â€¯AM-5â€¯PM,9â€¯AM-5â€¯PM,9â€¯AM-5â€¯PM,9â€¯AM-5â€¯PM,Lat 20.734087199999998,Lng -156.4526559,73G5PGMW+JWQ,https://www.google.com/search?kgmid=/g/11snl5qp_6,https://lh5.googleusercontent.com/p/CIHM0ogKEICAgICpg8XJ7AE,"https://t1.gstatic.com/faviconV2?client=SOCIAL&type=FAVICON&fallback_opts=TYPE,SIZE,URL&url=https://www.mauisunridersbikeshop.com/&size=48","https://search.google.com/local/reviews?placeid=ChIJ08h-wJjRVHkRU8tLq97ATNc&q=bicycle+shop+near+Maui+County,+Hawaii,+USA&authuser=0&hl=en",18085798970,https://www.facebook.com/mauisunriders/, ,https://www.instagram.com/mauisunriders/,
Boca Hawaii LLC,330 Cooke St  Honolulu  HI 96813  United States,330 Cooke St,Honolulu,96813,Hawaii,US,18085919839,,http://www.bocahawaii.com/,bocahawaii.com,Bicycle store,Bicycle repair shop,Yes,70,4.9,open,"Friday, 12-6â€¯PM; Saturday, 12-5â€¯PM; Sunday, 12-5â€¯PM; Monday, 12-6â€¯PM; Tuesday, 12-6â€¯PM; Wednesday, 12-6â€¯PM; Thursday, 12-6â€¯PM; ",12-5â€¯PM,12-5â€¯PM,12-6â€¯PM,12-6â€¯PM,12-6â€¯PM,12-6â€¯PM,12-6â€¯PM,Lat 21.2972294,Lng -157.86029249999999,73H474WQ+VVW,https://www.google.com/search?kgmid=/g/1txc77fl,https://lh5.googleusercontent.com/p/AF1QipO99fqzURZ6vOzNQbIr-2r3D_R52s2fciQSFMLs,"https://t1.gstatic.com/faviconV2?client=SOCIAL&type=FAVICON&fallback_opts=TYPE,SIZE,URL&url=http://www.bocahawaii.com/&size=48","https://search.google.com/local/reviews?placeid=ChIJ4d959AhuAHwRVMXKsYMKrOM&q=bicycle+shop+near+Honolulu+County,+Hawaii,+USA&authuser=0&hl=en",18085919839,https://www.facebook.com/pages/Boca-Hawaii/124791537580226,http://www.twitter.com/BOCAHAWAII,http://instagram.com/bocahawaii,
South Maui Bicycles,1215 S Kihei Rd Ste MN  Kihei  HI 96753  United States,1215 S Kihei Rd Ste MN,Kihei,96753,Hawaii,US,18088740068,,http://www.southmauibicycles.com/,southmauibicycles.com,Bicycle store,Bicycle rental service,Yes,85,4.5,open,"Friday, 10â€¯AM-6â€¯PM; Saturday, 10â€¯AM-6â€¯PM; Sunday, Closed; Monday, 10â€¯AM-6â€¯PM; Tuesday, 10â€¯AM-6â€¯PM; Wednesday, 10â€¯AM-6â€¯PM; Thursday, 10â€¯AM-6â€¯PM; ",10â€¯AM-6â€¯PM,Closed,10â€¯AM-6â€¯PM,10â€¯AM-6â€¯PM,10â€¯AM-6â€¯PM,10â€¯AM-6â€¯PM,10â€¯AM-6â€¯PM,Lat 20.751261,Lng -156.4553274,73G5QG2V+GV3,https://www.google.com/search?kgmid=/g/1tf75qls,https://lh5.googleusercontent.com/p/AF1QipMX5WC1lKamtgt3VNnYSzY10URr4Uga-p7GUA2B,"https://t1.gstatic.com/faviconV2?client=SOCIAL&type=FAVICON&fallback_opts=TYPE,SIZE,URL&url=http://www.southmauibicycles.com/&size=48","https://search.google.com/local/reviews?placeid=ChIJ93ysy3TQVHkRw6jm5KBnn4k&q=bicycle+shop+near+Maui+County,+Hawaii,+USA&authuser=0&hl=en",8088740068,https://www.facebook.com/830350543726103, ,,
Eki Cyclery,1603 Dillingham Blvd  Honolulu  HI 96817  United States,1603 Dillingham Blvd,Honolulu,96817,Hawaii,US,18088472005,,http://ekicyclery.com/,ekicyclery.com,Bicycle store,Bicycle repair shop,Yes,45,4.7,permanently closed, ,,,,,,,,Lat 21.3262401,Lng -157.8790185,73H484GC+F9X,https://www.google.com/search?kgmid=/g/1tcwlsgq,https://lh5.googleusercontent.com/p/AF1QipNzjoZ8v1OQAHLbKx-N1elveX4pbdcUH5NoOKPF,"https://t1.gstatic.com/faviconV2?client=SOCIAL&type=FAVICON&fallback_opts=TYPE,SIZE,URL&url=http://ekicyclery.com/&size=48","https://search.google.com/local/reviews?placeid=ChIJA_FSNGduAHwRPYQWjjcM2Po&q=bicycle+shop+near+Balance+of+Honolulu+County,+Hawaii,+USA&authuser=0&hl=en",, , ,,
Bike Works Beach & Sports,69-201 WaikÅloa Beach Dr  Waikoloa Village  HI 96738  United States,69-201 WaikÅloa Beach Dr,Waikoloa Village,96738,Hawaii,US,18088865000,,http://www.bikeworkshawaii.com/,bikeworkshawaii.com,Bicycle store,Bicycle rental service,Yes,88,4.8,open,"Friday, 9â€¯AM-5â€¯PM; Saturday, 9â€¯AM-5â€¯PM; Sunday, 9â€¯AM-5â€¯PM; Monday, 9â€¯AM-5â€¯PM; Tuesday, 9â€¯AM-5â€¯PM; Wednesday, 9â€¯AM-5â€¯PM; Thursday, 9â€¯AM-5â€¯PM; ",9â€¯AM-5â€¯PM,9â€¯AM-5â€¯PM,9â€¯AM-5â€¯PM,9â€¯AM-5â€¯PM,9â€¯AM-5â€¯PM,9â€¯AM-5â€¯PM,9â€¯AM-5â€¯PM,Lat 19.913776,Lng -155.8800358,73F6W479+GX8,https://www.google.com/search?kgmid=/g/1tqty28b,https://lh5.googleusercontent.com/p/AF1QipMBk1496-wtzZwDF9MfmwL3g1qn5LM3m-w9FrRs,"https://t1.gstatic.com/faviconV2?client=SOCIAL&type=FAVICON&fallback_opts=TYPE,SIZE,URL&url=http://www.bikeworkshawaii.com/&size=48","https://search.google.com/local/reviews?placeid=ChIJbzfIU5N3VHkRrvb_ewlgxL4&q=bicycle+shop+near+Hawaii+County,+Hawaii,+USA&authuser=0&hl=en",18088865000, , ,https://www.instagram.com/bikeworks_hawaii/,
BIKEFACTORY Hawaii,94-1388 Moaniani St  Waipahu  HI 96797  United States,94-1388 Moaniani St,Waipahu,96797,Hawaii,US,18086781800,,http://www.bikefactoryhawaii.com/,bikefactoryhawaii.com,Bicycle store,Bicycle repair shop,Yes,425,4.8,open,"Friday, 10â€¯AM-7â€¯PM; Saturday, 9â€¯AM-5â€¯PM; Sunday, 11â€¯AM-5â€¯PM; Monday, 10â€¯AM-7â€¯PM; Tuesday, 10â€¯AM-7â€¯PM; Wednesday, 10â€¯AM-7â€¯PM; Thursday, 10â€¯AM-7â€¯PM; ",9â€¯AM-5â€¯PM,11â€¯AM-5â€¯PM,10â€¯AM-7â€¯PM,10â€¯AM-7â€¯PM,10â€¯AM-7â€¯PM,10â€¯AM-7â€¯PM,10â€¯AM-7â€¯PM,Lat 21.4212685,Lng -157.9967528,73H4C2C3+G75,https://www.google.com/search?kgmid=/g/1v27vq8p,https://lh5.googleusercontent.com/p/CIHM0ogKEICAgIDKyIOr_QE,"https://t1.gstatic.com/faviconV2?client=SOCIAL&type=FAVICON&fallback_opts=TYPE,SIZE,URL&url=http://www.bikefactoryhawaii.com/&size=48","https://search.google.com/local/reviews?placeid=ChIJCZM00l5mAHwRXZfwLdPPKEI&q=bicycle+shop+near+Honolulu+County,+Hawaii,+USA&authuser=0&hl=en",, , ,,
BIKEFACTORY Hawaii,1969 S King St  Honolulu  HI 96826  United States,1969 S King St,Honolulu,96826,Hawaii,US,18085968844,,http://www.bikefactoryhawaii.com/,bikefactoryhawaii.com,Bicycle store,Bicycle repair shop,Yes,434,4.7,open,"Friday, 10â€¯AM-7â€¯PM; Saturday, 9â€¯AM-5â€¯PM; Sunday, 11â€¯AM-5â€¯PM; Monday, 10â€¯AM-7â€¯PM; Tuesday, 10â€¯AM-7â€¯PM; Wednesday, 10â€¯AM-7â€¯PM; Thursday, 10â€¯AM-7â€¯PM; ",9â€¯AM-5â€¯PM,11â€¯AM-5â€¯PM,10â€¯AM-7â€¯PM,10â€¯AM-7â€¯PM,10â€¯AM-7â€¯PM,10â€¯AM-7â€¯PM,10â€¯AM-7â€¯PM,Lat 21.294749499999998,Lng -157.8303852,73H475V9+VRX,https://www.google.com/search?kgmid=/g/1v3h_5wt,https://lh5.googleusercontent.com/p/CIHM0ogKEICAgIDKl-3x0QE,"https://t1.gstatic.com/faviconV2?client=SOCIAL&type=FAVICON&fallback_opts=TYPE,SIZE,URL&url=http://www.bikefactoryhawaii.com/&size=48","https://search.google.com/local/reviews?placeid=ChIJERJbkghuAHwRYgT5ewavO6s&q=bicycle+shop+near+Honolulu+County,+Hawaii,+USA&authuser=0&hl=en",, , ,,
BIKEFACTORY Hawaii,2108 Lauwiliwili St #101C  Kapolei  HI 96707  United States,2108 Lauwiliwili St #101C,Kapolei,96707,Hawaii,US,18087737081,,http://bikefactoryhawaii.com/,bikefactoryhawaii.com,Bicycle store,Bicycle repair shop,Yes,27,4.4,open,"Friday, 10â€¯AM-7â€¯PM; Saturday, 9â€¯AM-5â€¯PM; Sunday, 11â€¯AM-5â€¯PM; Monday, 10â€¯AM-7â€¯PM; Tuesday, 10â€¯AM-7â€¯PM; Wednesday, 10â€¯AM-7â€¯PM; Thursday, 10â€¯AM-7â€¯PM; ",9â€¯AM-5â€¯PM,11â€¯AM-5â€¯PM,10â€¯AM-7â€¯PM,10â€¯AM-7â€¯PM,10â€¯AM-7â€¯PM,10â€¯AM-7â€¯PM,10â€¯AM-7â€¯PM,Lat 21.3199126,Lng -158.08925109999998,73H38W96+X79,https://www.google.com/search?kgmid=/g/11sfk5tx2_,https://lh5.googleusercontent.com/p/AF1QipNpnj4uBPfFzUcV9jYz_g-g1HWc9SsQJYdKbCEF,"https://t1.gstatic.com/faviconV2?client=SOCIAL&type=FAVICON&fallback_opts=TYPE,SIZE,URL&url=http://bikefactoryhawaii.com/&size=48","https://search.google.com/local/reviews?placeid=ChIJH7dsDDdjAHwRAkRaSyqHFfE&q=bicycle+shop+near+Balance+of+Honolulu+County,+Hawaii,+USA&authuser=0&hl=en",, , ,,
Kauai Cycle,4-934 Kuhio Hwy  KapaÊ»a  HI 96746  United States,4-934 Kuhio Hwy,KapaÊ»a,96746,Hawaii,US,18088212115,,http://www.kauaicycle.com/,kauaicycle.com,Bicycle store,Bicycle repair shop,Yes,65,4.3,open,"Friday, 9â€¯AM-4â€¯PM; Saturday, 9â€¯AM-2â€¯PM; Sunday, Closed; Monday, 9â€¯AM-4â€¯PM; Tuesday, Closed; Wednesday, 9â€¯AM-4â€¯PM; Thursday, 9â€¯AM-4â€¯PM; ",9â€¯AM-2â€¯PM,Closed,9â€¯AM-4â€¯PM,Closed,9â€¯AM-4â€¯PM,9â€¯AM-4â€¯PM,9â€¯AM-4â€¯PM,Lat 22.064250599999998,Lng -159.31920549999998,73J23M7J+P83,https://www.google.com/search?kgmid=/g/1tg5zvrm,https://lh5.googleusercontent.com/p/CIHM0ogKEICAgICEveylPg,"https://t1.gstatic.com/faviconV2?client=SOCIAL&type=FAVICON&fallback_opts=TYPE,SIZE,URL&url=http://www.kauaicycle.com/&size=48","https://search.google.com/local/reviews?placeid=ChIJIWj4ZlngBnwRZaSUOFANAiQ&q=bicycle+shop+near+Kalawao+County,+Hawaii,+USA&authuser=0&hl=en",, , ,,
Bike Works Kona,75-5660 Kopiko St  Kailua-Kona  HI 96740  United States,75-5660 Kopiko St,Kailua-Kona,96740,Hawaii,US,18083262453,,http://www.bikeworkskona.com/,bikeworkskona.com,Bicycle store,Bicycle rental service,Yes,197,4.6,open,"Friday, 9â€¯AM-5â€¯PM; Saturday, 9â€¯AM-5â€¯PM; Sunday, 9â€¯AM-5â€¯PM; Monday, 9â€¯AM-5â€¯PM; Tuesday, 9â€¯AM-5â€¯PM; Wednesday, 9â€¯AM-5â€¯PM; Thursday, 9â€¯AM-5â€¯PM; ",9â€¯AM-5â€¯PM,9â€¯AM-5â€¯PM,9â€¯AM-5â€¯PM,9â€¯AM-5â€¯PM,9â€¯AM-5â€¯PM,9â€¯AM-5â€¯PM,9â€¯AM-5â€¯PM,Lat 19.6431757,Lng -155.99369969999998,73F6J2V4+7GF,https://www.google.com/search?kgmid=/g/1tg689cy,https://lh5.googleusercontent.com/p/CIHM0ogKEICAgIC4_KH0mQE,"https://t1.gstatic.com/faviconV2?client=SOCIAL&type=FAVICON&fallback_opts=TYPE,SIZE,URL&url=http://www.bikeworkskona.com/&size=48","https://search.google.com/local/reviews?placeid=ChIJLQl61_cOVHkRSLd6drXtIB8&q=bicycle+shop+near+Hawaii+County,+Hawaii,+USA&authuser=0&hl=en",18083262453,https://www.facebook.com/BikeWorksKona/, ,,
Aloha E-Bikes,1199 Dillingham Blvd C-106  Honolulu  HI 96817  United States,1199 Dillingham Blvd C-106,Honolulu,96817,Hawaii,US,18083670901,,http://www.alohaebike.com/,alohaebike.com,Bicycle store,Bicycle repair shop,Yes,74,4.4,open,"Friday, 9â€¯AM-6â€¯PM; Saturday, 9â€¯AM-6â€¯PM; Sunday, Closed; Monday, 9â€¯AM-6â€¯PM; Tuesday, 9â€¯AM-6â€¯PM; Wednesday, 9â€¯AM-6â€¯PM; Thursday, 9â€¯AM-6â€¯PM; ",9â€¯AM-6â€¯PM,Closed,9â€¯AM-6â€¯PM,9â€¯AM-6â€¯PM,9â€¯AM-6â€¯PM,9â€¯AM-6â€¯PM,9â€¯AM-6â€¯PM,Lat 21.3222801,Lng -157.8754118,73H484CF+WR8,https://www.google.com/search?kgmid=/g/1ptw838bl,https://lh5.googleusercontent.com/p/AF1QipNCzREs1Dv-PNwbgIUawZ9RXlb1aFyikUGY6MIj,"https://t1.gstatic.com/faviconV2?client=SOCIAL&type=FAVICON&fallback_opts=TYPE,SIZE,URL&url=http://www.alohaebike.com/&size=48","https://search.google.com/local/reviews?placeid=ChIJO9aGDpBtAHwRk1EBqs5he2o&q=bicycle+shop+near+Honolulu+County,+Hawaii,+USA&authuser=0&hl=en",,https://www.facebook.com/henryebike/, ,,https://www.youtube.com/channel/UCbI2b08j3goFCakL54qfbnQ
Bike Works Mauka,64-1066 Mamalahoa Hwy  Waimea  HI 96743  United States,64-1066 Mamalahoa Hwy,Waimea,96743,Hawaii,US,18088857943,,https://bikeworksmauka.com/,bikeworksmauka.com,Bicycle store,Bicycle rental service,Yes,41,4.9,open,"Friday, 9â€¯AM-5â€¯PM; Saturday, 9â€¯AM-5â€¯PM; Sunday, Closed; Monday, Closed; Tuesday, 9â€¯AM-5â€¯PM; Wednesday, 9â€¯AM-5â€¯PM; Thursday, 9â€¯AM-5â€¯PM; ",9â€¯AM-5â€¯PM,Closed,Closed,9â€¯AM-5â€¯PM,9â€¯AM-5â€¯PM,9â€¯AM-5â€¯PM,9â€¯AM-5â€¯PM,Lat 20.0249427,Lng -155.6616085,73G628FQ+X9C,https://www.google.com/search?kgmid=/g/1tff7tml,https://lh5.googleusercontent.com/p/CIHM0ogKEICAgICy2vTa4QE,"https://t1.gstatic.com/faviconV2?client=SOCIAL&type=FAVICON&fallback_opts=TYPE,SIZE,URL&url=https://bikeworksmauka.com/&size=48","https://search.google.com/local/reviews?placeid=ChIJqVO3ldOcU3kRIfg_udX4-_A&q=bicycle+shop+near+Hawaii+County,+Hawaii,+USA&authuser=0&hl=en",, , ,https://www.instagram.com/bikeworks.mauka/,
Hilo Bike Hub,B  318 E Kawili St  Hilo  HI 96720  United States,B,Hilo,96720,Hawaii,US,18089614452,,http://www.hilobikehub.com/,hilobikehub.com,Bicycle store,Bicycle repair shop,Yes,64,4.2,open,"Friday, 9â€¯AM-3â€¯PM; Saturday, Closed; Sunday, Closed; Monday, 9â€¯AM-5â€¯PM; Tuesday, 10â€¯AM-5â€¯PM; Wednesday, 9â€¯AM-5â€¯PM; Thursday, 10â€¯AM-5â€¯PM; ",Closed,Closed,9â€¯AM-5â€¯PM,10â€¯AM-5â€¯PM,9â€¯AM-5â€¯PM,10â€¯AM-5â€¯PM,9â€¯AM-3â€¯PM,Lat 19.705567,Lng -155.067912,73F6PW4J+6RG,https://www.google.com/search?kgmid=/g/1tcwrbdv,https://lh5.googleusercontent.com/p/AF1QipPzvQfyVX-q3AQjYpYYGFn99kLR46s2EOec40hr,"https://t1.gstatic.com/faviconV2?client=SOCIAL&type=FAVICON&fallback_opts=TYPE,SIZE,URL&url=http://www.hilobikehub.com/&size=48","https://search.google.com/local/reviews?placeid=ChIJUfOX2GtLUnkRx4WrLF46HgQ&q=bicycle+shop+near+Hawaii+County,+Hawaii,+USA&authuser=0&hl=en",, , , , 
Velohana Cycling & Endurance Training,1365 Nuuanu Ave Suite 3  Honolulu  HI 96817  United States,1365 Nuuanu Ave Suite 3,Honolulu,96817,Hawaii,US,18087737132,,https://www.velohana.com/,velohana.com,Bicycle store,Bicycle rental service,Yes,81,4.8,open,"Friday, 12-7â€¯PM; Saturday, 1-5â€¯PM; Sunday, Closed; Monday, 12-7â€¯PM; Tuesday, 12-7â€¯PM; Wednesday, Closed; Thursday, 12-7â€¯PM; ",1-5â€¯PM,Closed,12-7â€¯PM,12-7â€¯PM,Closed,12-7â€¯PM,12-7â€¯PM,Lat 21.3138804,Lng -157.85779359999998,73H4847R+HV4,https://www.google.com/search?kgmid=/g/11j2fy11sv,https://lh5.googleusercontent.com/p/AF1QipMHld7JXzKdxT2_PjlK6URZDimMKbSpyR4SqMMO,"https://t1.gstatic.com/faviconV2?client=SOCIAL&type=FAVICON&fallback_opts=TYPE,SIZE,URL&url=https://www.velohana.com/&size=48","https://search.google.com/local/reviews?placeid=ChIJuwMa-TZvAHwRBAUXGEk2aXw&q=bicycle+shop+near+Honolulu+County,+Hawaii,+USA&authuser=0&hl=en",,http://facebook.com/velohana, ,http://instagram.com/velohanacyclingstudiohawaii,
Maui Sunriders Bike Shop Kapalua,800 Office Rd  Lahaina  HI 96761  United States,800 Office Rd,Lahaina,96761,Hawaii,US,18085798970,,https://www.mauisunridersbikeshop.com/,mauisunridersbikeshop.com,Bicycle store,Bicycle rental service,Yes,24,5,open,"Friday, 9â€¯AM-5â€¯PM; Saturday, 9â€¯AM-5â€¯PM; Sunday, 9â€¯AM-5â€¯PM; Monday, 9â€¯AM-5â€¯PM; Tuesday, 9â€¯AM-5â€¯PM; Wednesday, 9â€¯AM-5â€¯PM; Thursday, 9â€¯AM-5â€¯PM; ",9â€¯AM-5â€¯PM,9â€¯AM-5â€¯PM,9â€¯AM-5â€¯PM,9â€¯AM-5â€¯PM,9â€¯AM-5â€¯PM,9â€¯AM-5â€¯PM,9â€¯AM-5â€¯PM,Lat 20.9973726,Lng -156.6544558,73G5X8WW+W6V,https://www.google.com/search?kgmid=/g/11tmwg59fc,https://lh5.googleusercontent.com/p/AF1QipM1WLJVwvVFuZwgF5Aamu-Pp5K7hH1pUFgHxokA,"https://t1.gstatic.com/faviconV2?client=SOCIAL&type=FAVICON&fallback_opts=TYPE,SIZE,URL&url=https://www.mauisunridersbikeshop.com/&size=48","https://search.google.com/local/reviews?placeid=ChIJvw_iduUrVXkRe5D-5kz7pC0&q=bicycle+shop+near+Maui+County,+Hawaii,+USA&authuser=0&hl=en",18085798970,https://www.facebook.com/mauisunriders/, ,https://www.instagram.com/mauisunriders/,
eBikes Hawaii Big Island,64-1007 Mamalahoa Hwy  Waimea  HI 96743  United States,64-1007 Mamalahoa Hwy,Waimea,96743,Hawaii,US,18087960620,,https://www.ebikeshawaiibigisland.com/,ebikeshawaiibigisland.com,Electric bicycle store, ,Yes,17,4.8,open,"Friday, 9â€¯AM-5â€¯PM; Saturday, 9â€¯AM-5â€¯PM; Sunday, Closed; Monday, Closed; Tuesday, 9â€¯AM-5â€¯PM; Wednesday, 9â€¯AM-5â€¯PM; Thursday, 9â€¯AM-5â€¯PM; ",9â€¯AM-5â€¯PM,Closed,Closed,9â€¯AM-5â€¯PM,9â€¯AM-5â€¯PM,9â€¯AM-5â€¯PM,9â€¯AM-5â€¯PM,Lat 20.025573299999998,Lng -155.65711629999998,73G628GV+65C,https://www.google.com/search?kgmid=/g/11t88q0nrk,https://lh5.googleusercontent.com/p/CIHM0ogKEICAgICRpsP2KA,"https://t1.gstatic.com/faviconV2?client=SOCIAL&type=FAVICON&fallback_opts=TYPE,SIZE,URL&url=https://www.ebikeshawaiibigisland.com/&size=48","https://search.google.com/local/reviews?placeid=ChIJ46qenj99U3kR9fZ5rQ1zrgA&q=bicycle+shop+near+Hawaii+County,+Hawaii,+USA&authuser=0&hl=en",,https://www.facebook.com/profile.php?id=100083858778863, ,https://www.instagram.com/ebikes_hawaii_big_island/,
Puna Rides Hawaii,Kamaili Rd  PÄhoa  HI 96778  United States,Kamaili Rd,PÄhoa,96778,Hawaii,US,18082890967,,http://www.punarides.com/,punarides.com,Electric bicycle store,Outdoor sports store,Yes,1,5,open,"Friday, 9â€¯AM-12â€¯PM; Saturday, 9â€¯AM-12â€¯PM; Sunday, 9â€¯AM-12â€¯PM; Monday, 9â€¯AM-12â€¯PM; Tuesday, 9â€¯AM-12â€¯PM; Wednesday, 9â€¯AM-5â€¯PM; Thursday, 9â€¯AM-5â€¯PM; ",9â€¯AM-12â€¯PM,9â€¯AM-12â€¯PM,9â€¯AM-12â€¯PM,9â€¯AM-12â€¯PM,9â€¯AM-5â€¯PM,9â€¯AM-5â€¯PM,9â€¯AM-12â€¯PM,Lat 19.432624999999998,Lng -154.8870469,73F7C4M7+35W,https://www.google.com/search?kgmid=/g/11vhtwdxmb,https://lh5.googleusercontent.com/p/AF1QipMXBQdtegSkEBWLE0GgUKs8600cXUGZWCtywk75,"https://t1.gstatic.com/faviconV2?client=SOCIAL&type=FAVICON&fallback_opts=TYPE,SIZE,URL&url=http://www.punarides.com/&size=48","https://search.google.com/local/reviews?placeid=ChIJWxvZIdwxUnkRfgHp-YhfFKg&q=bicycle+shop+near+Hawaii+County,+Hawaii,+USA&authuser=0&hl=en",8082890967 | 808-289-0967,https://www.facebook.com/103510645904869, ,https://www.instagram.com/punarideshawaii,
Maui E-bike - Moped Rentals & Tours,992 S Kihei Rd APT B101  Kihei  HI 96753  United States,992 S Kihei Rd APT B101,Kihei,96753,Hawaii,US,18084827931,,https://mopedrentalskauai.com/,mopedrentalskauai.com,Bicycle rental service,,Yes,1,5,open,"Friday, 7â€¯AM-7â€¯PM; Saturday, 7â€¯AM-7â€¯PM; Sunday, 7â€¯AM-7â€¯PM; Monday, 7â€¯AM-7â€¯PM; Tuesday, 7â€¯AM-7â€¯PM; Wednesday, 7â€¯AM-7â€¯PM; Thursday, 7â€¯AM-7â€¯PM; ",7â€¯AM-7â€¯PM,7â€¯AM-7â€¯PM,7â€¯AM-7â€¯PM,7â€¯AM-7â€¯PM,7â€¯AM-7â€¯PM,7â€¯AM-7â€¯PM,7â€¯AM-7â€¯PM,Lat 20.7569132,Lng -156.4575813,73G5QG4R+QX7,https://www.google.com/search?kgmid=/g/11yf_y6kvm,https://lh5.googleusercontent.com/p/AF1QipPtR6omCxbN_RsA7iR7tO54kkFoJ3w--I0-qIFE,"https://t1.gstatic.com/faviconV2?client=SOCIAL&type=FAVICON&fallback_opts=TYPE,SIZE,URL&url=https://mopedrentalskauai.com/&size=48","https://search.google.com/local/reviews?placeid=ChIJHZ70N17RVHkR1BRRGwmiFo8&q=bicycle+shop+near+Maui+County,+Hawaii,+USA&authuser=0&hl=en",, , , , 
Hawaiian Style Rentals & Sales on Lemon Road,2556 Lemon Rd  Honolulu  HI 96815  United States,2556 Lemon Rd,Honolulu,96815,Hawaii,US,18089466733,,https://hawaiianstylerentals.com/?utm_source=business.google.com&utm_medium=referral,hawaiianstylerentals.com,Bicycle rental service,,Yes,2321,4.9,open,"Friday, 8:30â€¯AM-5â€¯PM; Saturday, 8:30â€¯AM-5â€¯PM; Sunday, 8:30â€¯AM-5â€¯PM; Monday, 8:30â€¯AM-5â€¯PM; Tuesday, 8:30â€¯AM-5â€¯PM; Wednesday, 8:30â€¯AM-5â€¯PM; Thursday, 8:30â€¯AM-5â€¯PM; ",8:30â€¯AM-5â€¯PM,8:30â€¯AM-5â€¯PM,8:30â€¯AM-5â€¯PM,8:30â€¯AM-5â€¯PM,8:30â€¯AM-5â€¯PM,8:30â€¯AM-5â€¯PM,8:30â€¯AM-5â€¯PM,Lat 21.272813199999998,Lng -157.8218604,73H475FH+47C,https://www.google.com/search?kgmid=/g/1tjynyfg,https://lh5.googleusercontent.com/p/AF1QipPSTIruZEhguyuKTETdS-acA0Ngstn2o0OcPWAl,"https://t1.gstatic.com/faviconV2?client=SOCIAL&type=FAVICON&fallback_opts=TYPE,SIZE,URL&url=https://hawaiianstylerentals.com/?utm_source=business.google.com&utm_medium=referral&size=48","https://search.google.com/local/reviews?placeid=ChIJt1I9pXByAHwRUpltQRfT4e0&q=bicycle+shop+near+Balance+of+Honolulu+County,+Hawaii,+USA&authuser=0&hl=en",,https://www.facebook.com/hawaiianstylerentalsandsales, ,https://instagram.com/hawaiianstylerentals/,
808 Rides Mopeds  Electric Bikes  Stand-Up Scooter Rentals & Sales,3600 Lower Honoapiilani Rd  Lahaina  HI 96761  United States,3600 Lower Honoapiilani Rd,Lahaina,96761,Hawaii,US,18088717433,,http://www.808rides.com/,808rides.com,Bicycle rental service,,Yes,553,4.9,open,"Friday, 8â€¯AM-4â€¯PM; Saturday, 8â€¯AM-4â€¯PM; Sunday, 8â€¯AM-12â€¯PM; Monday, 8â€¯AM-4â€¯PM; Tuesday, 8â€¯AM-4â€¯PM; Wednesday, 8â€¯AM-4â€¯PM; Thursday, 8â€¯AM-4â€¯PM; ",8â€¯AM-4â€¯PM,8â€¯AM-12â€¯PM,8â€¯AM-4â€¯PM,8â€¯AM-4â€¯PM,8â€¯AM-4â€¯PM,8â€¯AM-4â€¯PM,8â€¯AM-4â€¯PM,Lat 20.9524404,Lng -156.685956,73G5X827+XJF,https://www.google.com/search?kgmid=/g/1q66lnwj6,https://lh5.googleusercontent.com/p/AF1QipMWwhnmnKU4JHLA2hPWLpRMhKKJ6ETzSpg1Yhc,"https://t1.gstatic.com/faviconV2?client=SOCIAL&type=FAVICON&fallback_opts=TYPE,SIZE,URL&url=http://www.808rides.com/&size=48","https://search.google.com/local/reviews?placeid=ChIJYdqrDMjUqn4RSiEUrUZKrXM&q=bicycle+shop+near+Maui+County,+Hawaii,+USA&authuser=0&hl=en",8088717433,https://www.facebook.com/808Mopeds/ , ,https://www.instagram.com/808rides_/,https://www.youtube.com/channel/UC5SwuvwfHsv7zyjeRgfebEA
808 Rides Mopeds  Electric Bikes  Stand-Up Scooter Rentals & Sales,2463 S Kihei Rd C-14  Kihei  HI 96753  United States,2463 S Kihei Rd C-14,Kihei,96753,Hawaii,US,18086677000,,https://alohamotorsports.com/,alohamotorsports.com,Bicycle rental service,,Yes,266,4.9,open,"Friday, 9â€¯AM-5â€¯PM; Saturday, 9â€¯AM-5â€¯PM; Sunday, 9â€¯AM-5â€¯PM; Monday, 9â€¯AM-5â€¯PM; Tuesday, 9â€¯AM-5â€¯PM; Wednesday, 9â€¯AM-5â€¯PM; Thursday, 9â€¯AM-5â€¯PM; ",9â€¯AM-5â€¯PM,9â€¯AM-5â€¯PM,9â€¯AM-5â€¯PM,9â€¯AM-5â€¯PM,9â€¯AM-5â€¯PM,9â€¯AM-5â€¯PM,9â€¯AM-5â€¯PM,Lat 20.7182146,Lng -156.446099,73G5PH93+7HJ,https://www.google.com/search?kgmid=/g/11smx0q7w0,https://lh5.googleusercontent.com/p/CIHM0ogKEICAgIC-2f2qKw,"https://t1.gstatic.com/faviconV2?client=SOCIAL&type=FAVICON&fallback_opts=TYPE,SIZE,URL&url=https://alohamotorsports.com/&size=48","https://search.google.com/local/reviews?placeid=ChIJYz8sUmvbVHkRloVjRWt2IjM&q=bicycle+shop+near+Maui+County,+Hawaii,+USA&authuser=0&hl=en",-5859, , ,,
Bike Tour Hawaii,2421 Ala Wai Blvd #1402  Honolulu  HI 96815  United States,2421 Ala Wai Blvd #1402,Honolulu,96815,Hawaii,US,18083925414,,https://www.biketourhawaii.com/,biketourhawaii.com,Bicycle club,,Yes,29,4.7,open,"Friday, 7â€¯AM-6â€¯PM; Saturday, 7â€¯AM-6â€¯PM; Sunday, 7â€¯AM-6â€¯PM; Monday, 7â€¯AM-6â€¯PM; Tuesday, 7â€¯AM-6â€¯PM; Wednesday, 7â€¯AM-6â€¯PM; Thursday, 7â€¯AM-6â€¯PM; ",7â€¯AM-6â€¯PM,7â€¯AM-6â€¯PM,7â€¯AM-6â€¯PM,7â€¯AM-6â€¯PM,7â€¯AM-6â€¯PM,7â€¯AM-6â€¯PM,7â€¯AM-6â€¯PM,Lat 21.278121,Lng -157.8223212,73H475HH+63V,https://www.google.com/search?kgmid=/g/11cn9s369d,https://lh5.googleusercontent.com/p/CIHM0ogKEICAgICk44q1fw,"https://t1.gstatic.com/faviconV2?client=SOCIAL&type=FAVICON&fallback_opts=TYPE,SIZE,URL&url=https://www.biketourhawaii.com/&size=48","https://search.google.com/local/reviews?placeid=ChIJHx7N7ndyAHwRPwEwc47Hdxo&q=bicycle+shop+near+Balance+of+Honolulu+County,+Hawaii,+USA&authuser=0&hl=en",,https://www.facebook.com/796412300463177, ,https://www.instagram.com/bike_tour_hawaii/,https://www.youtube.com/channel/UC2HmMsW950j1d_oEXMUTQwQ
Boss Frog's Snorkel  Bike & Beach Rentals,75-5725 Aliâ€˜i Dr  Kailua-Kona  HI 96740  United States,75-5725 Aliâ€˜i Dr,Kailua-Kona,96740,Hawaii,US,18083311880,,https://bossfrog.com/big-island/store-locations/kailua-kona-snorkel-rentals/?y_source=1_NDE4ODkyMjEtNzE1LWxvY2F0aW9uLndlYnNpdGU%3D,bossfrog.com,Bicycle rental service,,Yes,531,4.8,open,"Friday, 8â€¯AM-5â€¯PM; Saturday, 8â€¯AM-5â€¯PM; Sunday, 8â€¯AM-5â€¯PM; Monday, 8â€¯AM-5â€¯PM; Tuesday, 8â€¯AM-5â€¯PM; Wednesday, 8â€¯AM-5â€¯PM; Thursday, 8â€¯AM-5â€¯PM; ",8â€¯AM-5â€¯PM,8â€¯AM-5â€¯PM,8â€¯AM-5â€¯PM,8â€¯AM-5â€¯PM,8â€¯AM-5â€¯PM,8â€¯AM-5â€¯PM,8â€¯AM-5â€¯PM,Lat 19.638471,Lng -155.993303,73F6J2Q4+9MP,https://www.google.com/search?kgmid=/g/1vc_qkjn,https://lh5.googleusercontent.com/p/AF1QipPSUh_nFlsjB6o79i_nsp5AZdM0Pwcv4eUKFWaB,"https://t1.gstatic.com/faviconV2?client=SOCIAL&type=FAVICON&fallback_opts=TYPE,SIZE,URL&url=https://bossfrog.com/big-island/store-locations/kailua-kona-snorkel-rentals/?y_source=1_NDE4ODkyMjEtNzE1LWxvY2F0aW9uLndlYnNpdGU%3D&size=48","https://search.google.com/local/reviews?placeid=ChIJ_XmDpf4OVHkRRo09eVGEez4&q=bicycle+shop+near+Hawaii+County,+Hawaii,+USA&authuser=0&hl=en",+18086613333 | +1-808-661-3333, , ,https://www.instagram.com/bossfroghawaii/,https://www.youtube.com/user/bossfrogs
Boss Frog's Snorkel  Bike & Beach Rentals,Kahana Manor  4310 Lower Honoapiilani Rd  Lahaina  HI 96761  United States,Kahana Manor,Lahaina,96761,Hawaii,US,18086696700,,https://bossfrog.com/maui/store-locations/kahana-snorkel-rentals/?y_source=1_NDE4ODkyMDktNzE1LWxvY2F0aW9uLndlYnNpdGU%3D,bossfrog.com,Bicycle rental service,,Yes,137,4.7,open,"Friday, 8â€¯AM-5â€¯PM; Saturday, 8â€¯AM-5â€¯PM; Sunday, 8â€¯AM-5â€¯PM; Monday, 8â€¯AM-5â€¯PM; Tuesday, 8â€¯AM-5â€¯PM; Wednesday, 8â€¯AM-5â€¯PM; Thursday, 8â€¯AM-5â€¯PM; ",8â€¯AM-5â€¯PM,8â€¯AM-5â€¯PM,8â€¯AM-5â€¯PM,8â€¯AM-5â€¯PM,8â€¯AM-5â€¯PM,8â€¯AM-5â€¯PM,8â€¯AM-5â€¯PM,Lat 20.9709272,Lng -156.67814199999998,73G5X8CC+9PH,https://www.google.com/search?kgmid=/g/1tfrxq2h,https://lh5.googleusercontent.com/p/AF1QipMpJYSbqxDa5nVU1dVCGrZFrP8IUKCWh357b9Qi,"https://t1.gstatic.com/faviconV2?client=SOCIAL&type=FAVICON&fallback_opts=TYPE,SIZE,URL&url=https://bossfrog.com/maui/store-locations/kahana-snorkel-rentals/?y_source=1_NDE4ODkyMDktNzE1LWxvY2F0aW9uLndlYnNpdGU%3D&size=48","https://search.google.com/local/reviews?placeid=ChIJ18oj7u_Uqn4R1RPoQ_t838c&q=bicycle+shop+near+Maui+County,+Hawaii,+USA&authuser=0&hl=en",+18086613333 | +18086696700 | +1-808-661-3333,https://www.facebook.com/bossfroghawaii,http://twitter.com/Bossfroghawaii,https://www.instagram.com/bossfroghawaii/,https://www.youtube.com/user/bossfrogs
Boss Frog's Snorkel  Bike & Beach Rentals,1221 HI-30  Lahaina  HI 96761  United States,1221 HI-30,Lahaina,96761,Hawaii,US,18086615995,,https://bossfrog.com/maui/store-locations/lahaina-cannery-mall-snorkel-rentals/?y_source=1_NDE4ODkyMTctNzE1LWxvY2F0aW9uLndlYnNpdGU%3D,bossfrog.com,Bicycle rental service,,Yes,106,4.5,open,"Friday, 8â€¯AM-7â€¯PM; Saturday, 8â€¯AM-7â€¯PM; Sunday, 8â€¯AM-7â€¯PM; Monday, 8â€¯AM-7â€¯PM; Tuesday, 8â€¯AM-7â€¯PM; Wednesday, 8â€¯AM-7â€¯PM; Thursday, 8â€¯AM-7â€¯PM; ",8â€¯AM-7â€¯PM,8â€¯AM-7â€¯PM,8â€¯AM-7â€¯PM,8â€¯AM-7â€¯PM,8â€¯AM-7â€¯PM,8â€¯AM-7â€¯PM,8â€¯AM-7â€¯PM,Lat 20.886304,Lng -156.684233,73G5V8P8+G8C,https://www.google.com/search?kgmid=/g/1tx15ksj,https://lh5.googleusercontent.com/p/AF1QipOlhOghbvqPXemzN28L_Yu8J1OxyUb6PARcRYor,"https://t1.gstatic.com/faviconV2?client=SOCIAL&type=FAVICON&fallback_opts=TYPE,SIZE,URL&url=https://bossfrog.com/maui/store-locations/lahaina-cannery-mall-snorkel-rentals/?y_source=1_NDE4ODkyMTctNzE1LWxvY2F0aW9uLndlYnNpdGU%3D&size=48","https://search.google.com/local/reviews?placeid=ChIJ9f6nf6QrVXkRzSud9Uv4dzs&q=bicycle+shop+near+Maui+County,+Hawaii,+USA&authuser=0&hl=en",+18086613333 | 8086615995 | 18887003764 | 1808-6613333 | +1-808-661-3333, , ,https://www.instagram.com/bossfroghawaii/,https://www.youtube.com/user/bossfrogs
Boss Frog's Snorkel  Bike & Beach Rentals,300 Maalaea Rd Building 2  Shop #2N  Wailuku  HI 96793  United States,300 Maalaea Rd Building 2  Shop #2N,Wailuku,96793,Hawaii,US,18082420088,,https://bossfrog.com/maui/store-locations/maalaea-harbor-snorkel-rentals/?y_source=1_NDE4NzEyODItNzE1LWxvY2F0aW9uLndlYnNpdGU%3D,bossfrog.com,Bicycle rental service,,Yes,88,4.4,open,"Friday, 7â€¯AM-3â€¯PM; Saturday, 7â€¯AM-3â€¯PM; Sunday, 7â€¯AM-3â€¯PM; Monday, 7â€¯AM-3â€¯PM; Tuesday, 7â€¯AM-3â€¯PM; Wednesday, 7â€¯AM-3â€¯PM; Thursday, 7â€¯AM-3â€¯PM; ",7â€¯AM-3â€¯PM,7â€¯AM-3â€¯PM,7â€¯AM-3â€¯PM,7â€¯AM-3â€¯PM,7â€¯AM-3â€¯PM,7â€¯AM-3â€¯PM,7â€¯AM-3â€¯PM,Lat 20.7919193,Lng -156.5134143,73G5QFRP+QJ8,https://www.google.com/search?kgmid=/g/11gcqwgbgj,https://lh5.googleusercontent.com/p/AF1QipNyn4wc8EDWfq5_5skmYRQlq7gmPJS0WtmbFA8n,"https://t1.gstatic.com/faviconV2?client=SOCIAL&type=FAVICON&fallback_opts=TYPE,SIZE,URL&url=https://bossfrog.com/maui/store-locations/maalaea-harbor-snorkel-rentals/?y_source=1_NDE4NzEyODItNzE1LWxvY2F0aW9uLndlYnNpdGU%3D&size=48","https://search.google.com/local/reviews?placeid=ChIJb3Z-LjDRVHkRsoFvedrKS6U&q=bicycle+shop+near+Maui+County,+Hawaii,+USA&authuser=0&hl=en",+18086613333 | 8082420088 | 18887003764 | 1808-6613333 | +1-808-661-3333, , ,https://www.instagram.com/bossfroghawaii/,https://www.youtube.com/user/bossfrogs
Boss Frog's Snorkel  Bike & Beach Rentals,2463 S Kihei Rd  Kihei  HI 96753  United States,2463 S Kihei Rd,Kihei,96753,Hawaii,US,18088745577,,https://bossfrog.com/maui/store-locations/wailea-snorkel-rentals/?y_source=1_NDE4ODkyMTMtNzE1LWxvY2F0aW9uLndlYnNpdGU%3D,bossfrog.com,Bicycle rental service,,Yes,165,4.7,open,"Friday, 8â€¯AM-5â€¯PM; Saturday, 8â€¯AM-5â€¯PM; Sunday, 8â€¯AM-5â€¯PM; Monday, 8â€¯AM-5â€¯PM; Tuesday, 8â€¯AM-5â€¯PM; Wednesday, 8â€¯AM-5â€¯PM; Thursday, 8â€¯AM-5â€¯PM; ",8â€¯AM-5â€¯PM,8â€¯AM-5â€¯PM,8â€¯AM-5â€¯PM,8â€¯AM-5â€¯PM,8â€¯AM-5â€¯PM,8â€¯AM-5â€¯PM,8â€¯AM-5â€¯PM,Lat 20.718211,Lng -156.446065,73G5PH93+7HM,https://www.google.com/search?kgmid=/g/11cmrqlb6r,https://lh5.googleusercontent.com/p/AF1QipMF-DZjBy-IQFqW1NBKkA3AOiP29simQbyWTRAL,"https://t1.gstatic.com/faviconV2?client=SOCIAL&type=FAVICON&fallback_opts=TYPE,SIZE,URL&url=https://bossfrog.com/maui/store-locations/wailea-snorkel-rentals/?y_source=1_NDE4ODkyMTMtNzE1LWxvY2F0aW9uLndlYnNpdGU%3D&size=48","https://search.google.com/local/reviews?placeid=ChIJCfd6lKPaVHkRieExJNIJgDI&q=bicycle+shop+near+Maui+County,+Hawaii,+USA&authuser=0&hl=en",+18086613333 | +18088745577 | +1-808-661-3333,https://www.facebook.com/bossfroghawaii,http://twitter.com/Bossfroghawaii,https://www.instagram.com/bossfroghawaii/,https://www.youtube.com/user/bossfrogs
Boss Frog's Snorkel  Bike & Beach Rentals,5095 Napilihau St  Lahaina  HI 96761  United States,5095 Napilihau St,Lahaina,96761,Hawaii,US,18086694949,,https://bossfrog.com/maui/store-locations/napili-snorkel-rentals/?y_source=1_NDE4ODkyMTAtNzE1LWxvY2F0aW9uLndlYnNpdGU%3D,bossfrog.com,Bicycle rental service,,Yes,119,4.5,open,"Friday, 8â€¯AM-5â€¯PM; Saturday, 8â€¯AM-5â€¯PM; Sunday, 8â€¯AM-5â€¯PM; Monday, 8â€¯AM-5â€¯PM; Tuesday, 8â€¯AM-5â€¯PM; Wednesday, 8â€¯AM-5â€¯PM; Thursday, 8â€¯AM-5â€¯PM; ",8â€¯AM-5â€¯PM,8â€¯AM-5â€¯PM,8â€¯AM-5â€¯PM,8â€¯AM-5â€¯PM,8â€¯AM-5â€¯PM,8â€¯AM-5â€¯PM,8â€¯AM-5â€¯PM,Lat 20.9849547,Lng -156.6671969,73G5X8MM+X4M,https://www.google.com/search?kgmid=/g/1tjdx3f1,https://lh5.googleusercontent.com/p/AF1QipMExiWgf8GgbePIZaHqLKQSGSYmxMaseT2FP9DT,"https://t1.gstatic.com/faviconV2?client=SOCIAL&type=FAVICON&fallback_opts=TYPE,SIZE,URL&url=https://bossfrog.com/maui/store-locations/napili-snorkel-rentals/?y_source=1_NDE4ODkyMTAtNzE1LWxvY2F0aW9uLndlYnNpdGU%3D&size=48","https://search.google.com/local/reviews?placeid=ChIJefxokVTUqn4RZvbS7x1Fhtw&q=bicycle+shop+near+Maui+County,+Hawaii,+USA&authuser=0&hl=en",+18086613333 | +18086694949 | +1-808-661-3333,https://www.facebook.com/bossfroghawaii,http://twitter.com/Bossfroghawaii,https://www.instagram.com/bossfroghawaii/,https://www.youtube.com/user/bossfrogs
Boss Frog's Snorkel  Bike & Beach Rentals,2395 S Kihei Rd  Kihei  HI 96753  United States,2395 S Kihei Rd,Kihei,96753,Hawaii,US,18088754477,,https://bossfrog.com/,bossfrog.com,Bicycle rental service,,Yes,154,4.5,open,"Friday, 8â€¯AM-5â€¯PM; Saturday, 8â€¯AM-5â€¯PM; Sunday, 8â€¯AM-5â€¯PM; Monday, 8â€¯AM-5â€¯PM; Tuesday, 8â€¯AM-5â€¯PM; Wednesday, 8â€¯AM-5â€¯PM; Thursday, 8â€¯AM-5â€¯PM; ",8â€¯AM-5â€¯PM,8â€¯AM-5â€¯PM,8â€¯AM-5â€¯PM,8â€¯AM-5â€¯PM,8â€¯AM-5â€¯PM,8â€¯AM-5â€¯PM,8â€¯AM-5â€¯PM,Lat 20.7201605,Lng -156.44614149999998,73G5PHC3+3G9,https://www.google.com/search?kgmid=/g/1wk7r1jk,https://lh5.googleusercontent.com/p/AF1QipPYJlXoHhe3ozllzuw_q0V0GiyQFeswgnxy6T1M,"https://t1.gstatic.com/faviconV2?client=SOCIAL&type=FAVICON&fallback_opts=TYPE,SIZE,URL&url=https://bossfrog.com/&size=48","https://search.google.com/local/reviews?placeid=ChIJkTg9XqHaVHkR0itoVN1iMHc&q=bicycle+shop+near+Maui+County,+Hawaii,+USA&authuser=0&hl=en",+18086613333 | 8086613333 | +1-808-661-3333, , ,https://www.instagram.com/bossfroghawaii/,https://www.youtube.com/user/bossfrogs
Boss Frog's Snorkel  Bike & Beach Rentals,3636 Lower Honoapiilani Rd  Lahaina  HI 96761  United States,3636 Lower Honoapiilani Rd,Lahaina,96761,Hawaii,US,18086651200,,https://bossfrog.com/maui/store-locations/kaanapali-snorkel-rentals/?y_source=1_NDE4ODkyMTEtNzE1LWxvY2F0aW9uLndlYnNpdGU%3D,bossfrog.com,Bicycle rental service,,Yes,176,4.5,open,"Friday, 8â€¯AM-5â€¯PM; Saturday, 8â€¯AM-5â€¯PM; Sunday, 8â€¯AM-5â€¯PM; Monday, 8â€¯AM-5â€¯PM; Tuesday, 8â€¯AM-5â€¯PM; Wednesday, 8â€¯AM-5â€¯PM; Thursday, 8â€¯AM-5â€¯PM; ",8â€¯AM-5â€¯PM,8â€¯AM-5â€¯PM,8â€¯AM-5â€¯PM,8â€¯AM-5â€¯PM,8â€¯AM-5â€¯PM,8â€¯AM-5â€¯PM,8â€¯AM-5â€¯PM,Lat 20.953947,Lng -156.686008,73G5X837+HHH,https://www.google.com/search?kgmid=/g/1vfp3vt1,https://lh5.googleusercontent.com/p/CIHM0ogKEICAgIDh5cnlPw,"https://t1.gstatic.com/faviconV2?client=SOCIAL&type=FAVICON&fallback_opts=TYPE,SIZE,URL&url=https://bossfrog.com/maui/store-locations/kaanapali-snorkel-rentals/?y_source=1_NDE4ODkyMTEtNzE1LWxvY2F0aW9uLndlYnNpdGU%3D&size=48","https://search.google.com/local/reviews?placeid=ChIJT8dhHcfUqn4RWF482u9vHqw&q=bicycle+shop+near+Maui+County,+Hawaii,+USA&authuser=0&hl=en",+18086613333 | +18086651200 | 18887003764 | 1808-6613333 | +1-808-661-3333,https://www.facebook.com/bossfroghawaii,http://twitter.com/Bossfroghawaii,https://www.instagram.com/bossfroghawaii/,https://www.youtube.com/user/bossfrogs
Boss Frog's Snorkel  Bike & Beach Rentals,3414 Poipu Rd  Koloa  HI 96756  United States,3414 Poipu Rd,Koloa,96756,Hawaii,US,18087422025,,https://bossfrog.com/?y_source=1_NDE4ODkyMTktNzE1LWxvY2F0aW9uLndlYnNpdGU%3D,bossfrog.com,Bicycle rental service,,Yes,61,4.6,open,"Friday, 8â€¯AM-5â€¯PM; Saturday, 8â€¯AM-5â€¯PM; Sunday, 8â€¯AM-5â€¯PM; Monday, 8â€¯AM-5â€¯PM; Tuesday, 8â€¯AM-5â€¯PM; Wednesday, 8â€¯AM-5â€¯PM; Thursday, 8â€¯AM-5â€¯PM; ",8â€¯AM-5â€¯PM,8â€¯AM-5â€¯PM,8â€¯AM-5â€¯PM,8â€¯AM-5â€¯PM,8â€¯AM-5â€¯PM,8â€¯AM-5â€¯PM,8â€¯AM-5â€¯PM,Lat 21.902465199999998,Lng -159.4663903,73H2WG2M+XCQ,https://www.google.com/search?kgmid=/g/1tlbpc5v,https://lh5.googleusercontent.com/p/AF1QipPZ0wANIDVknhY8O-H6nPYnxdfZMRSUzzsqXmQe,"https://t1.gstatic.com/faviconV2?client=SOCIAL&type=FAVICON&fallback_opts=TYPE,SIZE,URL&url=https://bossfrog.com/?y_source=1_NDE4ODkyMTktNzE1LWxvY2F0aW9uLndlYnNpdGU%3D&size=48","https://search.google.com/local/reviews?placeid=ChIJTWRcS7kaB3wRrKgQRwZP6mE&q=bicycle+shop+near+Kauai+County,+Hawaii,+USA&authuser=0&hl=en",+18086613333 | 8086613333 | +1-808-661-3333, , ,https://www.instagram.com/bossfroghawaii/,https://www.youtube.com/user/bossfrogs
Boss Frog's Snorkel  Bike & Beach Rentals,1215 S Kihei Rd  Kihei  HI 96753  United States,1215 S Kihei Rd,Kihei,96753,Hawaii,US,18088910077,,https://bossfrog.com/maui/store-locations/north-kihei-snorkeling-rentals/?y_source=1_NDE4ODkyMTQtNzE1LWxvY2F0aW9uLndlYnNpdGU%3D,bossfrog.com,Bicycle rental service,,Yes,68,4.3,open,"Friday, 8â€¯AM-5â€¯PM; Saturday, 8â€¯AM-5â€¯PM; Sunday, 8â€¯AM-5â€¯PM; Monday, 8â€¯AM-5â€¯PM; Tuesday, 8â€¯AM-5â€¯PM; Wednesday, 8â€¯AM-5â€¯PM; Thursday, 8â€¯AM-5â€¯PM; ",8â€¯AM-5â€¯PM,8â€¯AM-5â€¯PM,8â€¯AM-5â€¯PM,8â€¯AM-5â€¯PM,8â€¯AM-5â€¯PM,8â€¯AM-5â€¯PM,8â€¯AM-5â€¯PM,Lat 20.751013999999998,Lng -156.454803,73G5QG2W+C34,https://www.google.com/search?kgmid=/g/1tfm6w4s,https://lh5.googleusercontent.com/p/AF1QipOVJ2vuEBRTZUhK7r2sJWwDVpUWk1t709kBA9Oj,"https://t1.gstatic.com/faviconV2?client=SOCIAL&type=FAVICON&fallback_opts=TYPE,SIZE,URL&url=https://bossfrog.com/maui/store-locations/north-kihei-snorkeling-rentals/?y_source=1_NDE4ODkyMTQtNzE1LWxvY2F0aW9uLndlYnNpdGU%3D&size=48","https://search.google.com/local/reviews?placeid=ChIJVW7Ol0HQVHkRpU8V9KliTvM&q=bicycle+shop+near+Maui+County,+Hawaii,+USA&authuser=0&hl=en",+18086613333 | +18088910077 | +1-808-661-3333,https://www.facebook.com/bossfroghawaii,http://twitter.com/Bossfroghawaii,https://www.instagram.com/bossfroghawaii/,https://www.youtube.com/user/bossfrogs
Boss Frog's Snorkel  Bike & Beach Rentals,4-746 Kuhio Hwy  KapaÊ»a  HI 96746  United States,4-746 Kuhio Hwy,KapaÊ»a,96746,Hawaii,US,18088224334,,https://bossfrog.com/kauai/store-locations/kapaa-snorkel-rentals/?y_source=1_NDE4ODkyMTgtNzE1LWxvY2F0aW9uLndlYnNpdGU%3D,bossfrog.com,Bicycle rental service,,Yes,158,4.8,open,"Friday, 8â€¯AM-5â€¯PM; Saturday, 8â€¯AM-5â€¯PM; Sunday, 8â€¯AM-5â€¯PM; Monday, 8â€¯AM-5â€¯PM; Tuesday, 8â€¯AM-5â€¯PM; Wednesday, 8â€¯AM-5â€¯PM; Thursday, 8â€¯AM-5â€¯PM; ",8â€¯AM-5â€¯PM,8â€¯AM-5â€¯PM,8â€¯AM-5â€¯PM,8â€¯AM-5â€¯PM,8â€¯AM-5â€¯PM,8â€¯AM-5â€¯PM,8â€¯AM-5â€¯PM,Lat 22.0599912,Lng -159.3222564,73J23M5H+X3X,https://www.google.com/search?kgmid=/g/1ptyglv2y,https://lh5.googleusercontent.com/p/CIHM0ogKEICAgIDJ2-XtDA,"https://t1.gstatic.com/faviconV2?client=SOCIAL&type=FAVICON&fallback_opts=TYPE,SIZE,URL&url=https://bossfrog.com/kauai/store-locations/kapaa-snorkel-rentals/?y_source=1_NDE4ODkyMTgtNzE1LWxvY2F0aW9uLndlYnNpdGU%3D&size=48","https://search.google.com/local/reviews?placeid=ChIJx1iRJPbgBnwRiycy-pZrOg0&q=bicycle+shop+near+Kauai+County,+Hawaii,+USA&authuser=0&hl=en",+18086613333 | +18088224334 | +1-808-661-3333,https://www.facebook.com/bossfroghawaii,http://twitter.com/Bossfroghawaii,https://www.instagram.com/bossfroghawaii/,https://www.youtube.com/user/bossfrogs
KailuaBike,,,Kalawao County,,Hawaii,US,13607821194,irndventures@gmail.com,https://kailuabike.com/,kailuabike.com,Bicycle store,Service establishment,Yes,2,5,open,"Friday, Closed; Saturday, 9â€¯AM-12â€¯PM; Sunday, Closed; Monday, 4-6â€¯PM; Tuesday, 4-6â€¯PM; Wednesday, 4-6â€¯PM; Thursday, 4-6â€¯PM; ",9â€¯AM-12â€¯PM,Closed,4-6â€¯PM,4-6â€¯PM,4-6â€¯PM,4-6â€¯PM,Closed,Lat 21.3904116,Lng -157.7446266,73H497R4+549,https://www.google.com/search?kgmid=/g/11vk3wgdqk,https://lh5.googleusercontent.com/p/AF1QipO_cTJMw4vJn0b9nvUwf7Kz5-VAwG-PIqHb98HX,"https://t1.gstatic.com/faviconV2?client=SOCIAL&type=FAVICON&fallback_opts=TYPE,SIZE,URL&url=https://kailuabike.com/&size=48","https://search.google.com/local/reviews?placeid=ChIJa45Cjor5z0IREyNYxfr06Do&q=bicycle+shop+near+Kalawao+County,+Hawaii,+USA&authuser=0&hl=en",3607821194,https://www.facebook.com/KailuaBike/, ,https://www.instagram.com/kailuabike/,
Maui Electric Bike Rental,,,Maui County,,Hawaii,US,18084007377,,http://www.mauielectricbikerental.com/,mauielectricbikerental.com,Bicycle rental service,Bicycle Shop,Yes,64,4.9,open,"Friday, 7:30â€¯AM-7â€¯PM; Saturday, 7:30â€¯AM-7â€¯PM; Sunday, 7:30â€¯AM-7â€¯PM; Monday, 7:30â€¯AM-7â€¯PM; Tuesday, 7:30â€¯AM-7â€¯PM; Wednesday, 7:30â€¯AM-7â€¯PM; Thursday, 7:30â€¯AM-7â€¯PM; ",7:30â€¯AM-7â€¯PM,7:30â€¯AM-7â€¯PM,7:30â€¯AM-7â€¯PM,7:30â€¯AM-7â€¯PM,7:30â€¯AM-7â€¯PM,7:30â€¯AM-7â€¯PM,7:30â€¯AM-7â€¯PM,Lat 20.703239999999997,Lng -156.43738639999998,73G5PH37+72X,https://www.google.com/search?kgmid=/g/1s04d3jnj,https://lh5.googleusercontent.com/p/AF1QipON9NYj2JGKKDhn0LGSLS9BYLI42H_aUu8nlueS,"https://t1.gstatic.com/faviconV2?client=SOCIAL&type=FAVICON&fallback_opts=TYPE,SIZE,URL&url=http://www.mauielectricbikerental.com/&size=48","https://search.google.com/local/reviews?placeid=ChIJOULBIL5Kq34ReY5PZ1b5s2s&q=bicycle+shop+near+Maui+County,+Hawaii,+USA&authuser=0&hl=en",,https://www.facebook.com/1456577331262063, ,,
Molokai E-Bike Rental,,,Kalawao County,,Hawaii,US,18086586366,,,,Bicycle rental service,Service establishment,Yes,8,5,open,"Friday, 8â€¯AM-5â€¯PM; Saturday, 8â€¯AM-5â€¯PM; Sunday, Closed; Monday, 8â€¯AM-5â€¯PM; Tuesday, 8â€¯AM-5â€¯PM; Wednesday, 8â€¯AM-5â€¯PM; Thursday, 8â€¯AM-5â€¯PM; ",8â€¯AM-5â€¯PM,Closed,8â€¯AM-5â€¯PM,8â€¯AM-5â€¯PM,8â€¯AM-5â€¯PM,8â€¯AM-5â€¯PM,8â€¯AM-5â€¯PM,Lat 21.1350214,Lng -157.010147,73H44XPQ+2W5,https://www.google.com/search?kgmid=/g/11sdcp3fx5,https://lh5.googleusercontent.com/p/AF1QipPLmgU3R03ctGzjcVYk-1zgkd2oXW2r-FjAD7WA, ,"https://search.google.com/local/reviews?placeid=ChIJ3_dF8q4iSiYRTCC7JEUm3yA&q=bicycle+shop+near+Kalawao+County,+Hawaii,+USA&authuser=0&hl=en", , , , , 
Mountain Bike Maui,,,Maui County,,Hawaii,US,18082808905,,,,Bicycle rental service,Service establishment,Yes,5,5,open,"Friday, 9â€¯AM-5â€¯PM; Saturday, 9â€¯AM-5â€¯PM; Sunday, 9â€¯AM-5â€¯PM; Monday, 9â€¯AM-5â€¯PM; Tuesday, 9â€¯AM-5â€¯PM; Wednesday, 9â€¯AM-5â€¯PM; Thursday, 9â€¯AM-5â€¯PM; ",9â€¯AM-5â€¯PM,9â€¯AM-5â€¯PM,9â€¯AM-5â€¯PM,9â€¯AM-5â€¯PM,9â€¯AM-5â€¯PM,9â€¯AM-5â€¯PM,9â€¯AM-5â€¯PM,Lat 20.8666385,Lng -156.6466671,73G5V983+M84,https://www.google.com/search?kgmid=/g/11sjgvm7xf,https://lh5.googleusercontent.com/p/CIHM0ogKEICAgICRx5q18AE, ,"https://search.google.com/local/reviews?placeid=ChIJZSQqszLTVHkRrMJTuhan7PU&q=bicycle+shop+near+Maui+County,+Hawaii,+USA&authuser=0&hl=en", , , , , 
Kona Bike Rentals LLC,,,Hawaii County,,Hawaii,US,13197595202,,http://www.konabikerentals.com/,konabikerentals.com,Bicycle rental service,Service establishment,Yes,6,5,open,"Friday, 7â€¯AM-7â€¯PM; Saturday, 7â€¯AM-7â€¯PM; Sunday, 7â€¯AM-7â€¯PM; Monday, 7â€¯AM-7â€¯PM; Tuesday, 7â€¯AM-7â€¯PM; Wednesday, 7â€¯AM-7â€¯PM; Thursday, 7â€¯AM-7â€¯PM; ",7â€¯AM-7â€¯PM,7â€¯AM-7â€¯PM,7â€¯AM-7â€¯PM,7â€¯AM-7â€¯PM,7â€¯AM-7â€¯PM,7â€¯AM-7â€¯PM,7â€¯AM-7â€¯PM,Lat 19.5895753,Lng -155.4341799,73F6HHQ8+R8P,https://www.google.com/search?kgmid=/g/11xs01p5c8,https://lh5.googleusercontent.com/p/AF1QipPdLWAe35DBJZyo6ey3DV9WBJK9L5nP0C6sQ3G_,"https://t1.gstatic.com/faviconV2?client=SOCIAL&type=FAVICON&fallback_opts=TYPE,SIZE,URL&url=http://www.konabikerentals.com/&size=48","https://search.google.com/local/reviews?placeid=ChIJ9WDKz6uLIoIRZBJobARXlIw&q=bicycle+shop+near+Hawaii+County,+Hawaii,+USA&authuser=0&hl=en",, , ,https://www.instagram.com/konabikerentals/,
Aloha Cyclery,905 KalanianaÊ»ole Highway  50 Unit 5018  Kailua  HI 96734  United States,905 KalanianaÊ»ole Highway,Kailua,96734,HI,US,18084695517,,https://www.alohacyclery.com/,alohacyclery.com,Bicycle repair shop,Bicycle rental service,Yes,28,5,open,"Friday, 10:30â€¯AM-5â€¯PM; Saturday, Closed; Sunday, Closed; Monday, 10:30â€¯AM-5â€¯PM; Tuesday, 10:30â€¯AM-5â€¯PM; Wednesday, 10:30â€¯AM-5â€¯PM; Thursday, 10:30â€¯AM-5â€¯PM; ",Closed,Closed,10:30â€¯AM-5â€¯PM,10:30â€¯AM-5â€¯PM,10:30â€¯AM-5â€¯PM,10:30â€¯AM-5â€¯PM,10:30â€¯AM-5â€¯PM,Lat 21.395673799999997,Lng -157.7718485,73H496WH+776,https://www.google.com/search?kgmid=/g/11g_z5b0gh,https://lh5.googleusercontent.com/p/AF1QipNxl2vf8DIBdAbZhsHVFY6vuRxHXcRuRjbmzLlk,"https://t1.gstatic.com/faviconV2?client=SOCIAL&type=FAVICON&fallback_opts=TYPE,SIZE,URL&url=https://www.alohacyclery.com/&size=48","https://search.google.com/local/reviews?placeid=ChIJLadZ_yVrAHwRsQF9yc9cPHg&q=bicycle+shop+near+Balance+of+Honolulu+County,+Hawaii,+USA&authuser=0&hl=en",, , ,,