Name,Full_Address,Street_Address,City,Zip,State,Country,Timezone,Phone_1,Email,Website,Domain,First_category,Second_category,Claimed_google_my_business,Reviews_count,Average_rating,Business Status,Hours,Saturday,Sunday,Monday,Tuesday,Wednesday,Thursday,Friday,Latitude,Longitude,GMB_URL,Google_Knowledge_URL,Image_URL,Favicon,Review_URL,Phone From WEBSITE,Facebook URL,Twitter URL,Instagram URL,Youtube URL
Kandy Bikes,3326 E Fairgrounds Loop Loop #4  Spearfish  SD 57783  United States,3326 E Fairgrounds Loop Loop #4,Spearfish,57783,SD,US,America/Denver,16056459358,kandybikes@yahoo.com,https://www.kandybikes.com/,kandybikes.com,Bicycle store, ,No,1,5,open,"Friday, 10â€¯AM-4â€¯PM; Saturday, Closed; Sunday, Closed; Monday, 10â€¯AM-4â€¯PM; Tuesday, 10â€¯AM-4â€¯PM; Wednesday, 10â€¯AM-4â€¯PM; Thursday, 10â€¯AM-4â€¯PM; ",Closed,Closed,10â€¯AM-4â€¯PM,10â€¯AM-4â€¯PM,10â€¯AM-4â€¯PM,10â€¯AM-4â€¯PM,10â€¯AM-4â€¯PM,Lat 44.5212527,Lng -103.8857766,https://www.google.com/maps/place/?q=place_id:ChIJX6anJv-ZMlMR0G3XbtyJQf4,https://www.google.com/search?kgmid=/g/11sfh_gz62,https://lh5.googleusercontent.com/p/FFPpBuODtzup_yxe_tPEHA,"https://t1.gstatic.com/faviconV2?client=SOCIAL&type=FAVICON&fallback_opts=TYPE,SIZE,URL&url=https://www.kandybikes.com/&size=48","https://search.google.com/local/reviews?placeid=ChIJX6anJv-ZMlMR0G3XbtyJQf4&q=bicycle+shop+near+Belle+Fourche,+South+Dakota,+USA&authuser=0&hl=en",,https://www.facebook.com/kandybikescolor, ,https://instagram.com/kandybikes,
Berry Fast Bicycles,106 Egan Ave N  Madison  SD 57042  United States,106 Egan Ave N,Madison,57042,South Dakota,US,America/Chicago,16053238261,berryfastbicycles@gmail.com,http://berryfastbicycles.com/,berryfastbicycles.com,Bicycle store, ,Yes,60,5,open,"Saturday, Closed; Sunday, Closed; Monday, Closed; Tuesday, Closed; Wednesday, 10â€¯AM-6â€¯PM; Thursday, 10â€¯AM-6â€¯PM; Friday, 10â€¯AM-2â€¯PM; ",Closed,Closed,Closed,Closed,10â€¯AM-6â€¯PM,10â€¯AM-6â€¯PM,10â€¯AM-2â€¯PM,Lat 44.0054271,Lng -97.11379319999999,https://www.google.com/maps/place/?q=place_id:ChIJa5nspwFNiIcRG1jK-Iip7gU,https://www.google.com/search?kgmid=/g/11f0l4j4fn,https://lh5.googleusercontent.com/p/AF1QipPaVr5enlIuuofWBsetFMCDIP1BJ2IBWArEY-ab,"https://t1.gstatic.com/faviconV2?client=SOCIAL&type=FAVICON&fallback_opts=TYPE,SIZE,URL&url=http://berryfastbicycles.com/&size=48","https://search.google.com/local/reviews?placeid=ChIJa5nspwFNiIcRG1jK-Iip7gU&q=bicycle+shop+near+Milbank,+South+Dakota,+USA&authuser=0&hl=en",6053238261,https://www.facebook.com/637305366294974, ,https://www.instagram.com/berryfastbicycles,
Black Hills Bike Share,119 S Canyon St  Spearfish  SD 57783  United States,119 S Canyon St,Spearfish,57783,South Dakota,US,America/Denver,18152745091,bhbikeshare@gmail.com,https://bhbikeshare.wixsite.com/blackhillsbikeshare,bhbikeshare.wixsite.com,Bicycle rental service, ,Yes,1,3,open,"Saturday, 5â€¯AM-9â€¯PM; Sunday, 5â€¯AM-9â€¯PM; Monday, 5â€¯AM-9â€¯PM; Tuesday, 5â€¯AM-9â€¯PM; Wednesday, 5â€¯AM-9â€¯PM; Thursday, 5â€¯AM-9â€¯PM; Friday, 5â€¯AM-9â€¯PM; ",5â€¯AM-9â€¯PM,5â€¯AM-9â€¯PM,5â€¯AM-9â€¯PM,5â€¯AM-9â€¯PM,5â€¯AM-9â€¯PM,5â€¯AM-9â€¯PM,5â€¯AM-9â€¯PM,Lat 44.4819775,Lng -103.8596455,https://www.google.com/maps/place/?q=place_id:ChIJJTQYUQSZMlMRpxN0C5afzJY,https://www.google.com/search?kgmid=/g/11sfs4kqpq,https://lh5.googleusercontent.com/p/AF1QipNwtZuyfJ7K0hbxyTaLPCSgXpPdQvjkeOv6a53J,"https://t1.gstatic.com/faviconV2?client=SOCIAL&type=FAVICON&fallback_opts=TYPE,SIZE,URL&url=https://bhbikeshare.wixsite.com/blackhillsbikeshare&size=48","https://search.google.com/local/reviews?placeid=ChIJJTQYUQSZMlMRpxN0C5afzJY&q=bicycle+shop+near+Lebanon,+South+Dakota,+USA&authuser=0&hl=en",,https://www.facebook.com/bhbikeshare, ,https://www.instagram.com/bhbikeshare/,
Black Hills Bicycles,1401 W Omaha St  Rapid City  SD 57701  United States,1401 W Omaha St,Rapid City,57701,South Dakota,US,America/Denver,16057164497,blackhillsbicycles@gmail.com,http://blackhillsbicycles.com/,blackhillsbicycles.com,Bicycle store, ,Yes,139,4.9,open,"Friday, 10â€¯AM-6â€¯PM; Saturday, 10â€¯AM-5â€¯PM; Sunday, Closed; Monday, Closed; Tuesday, 10â€¯AM-6â€¯PM; Wednesday, 10â€¯AM-6â€¯PM; Thursday, 10â€¯AM-6â€¯PM; ",10â€¯AM-5â€¯PM,Closed,Closed,10â€¯AM-6â€¯PM,10â€¯AM-6â€¯PM,10â€¯AM-6â€¯PM,10â€¯AM-6â€¯PM,Lat 44.083946499999996,Lng -103.2422136,https://www.google.com/maps/place/?q=place_id:ChIJRX6wh8dEfYcRy-MGAJzO4iM,https://www.google.com/search?kgmid=/g/1tdrfw2k,https://lh5.googleusercontent.com/p/CIHM0ogKEICAgICEiZDWRg,"https://t1.gstatic.com/faviconV2?client=SOCIAL&type=FAVICON&fallback_opts=TYPE,SIZE,URL&url=http://blackhillsbicycles.com/&size=48","https://search.google.com/local/reviews?placeid=ChIJRX6wh8dEfYcRy-MGAJzO4iM&q=bicycle+shop+near+Blackhawk,+South+Dakota,+USA&authuser=0&hl=en",6057164497,https://www.facebook.com/BlackHillsBicycles, ,https://www.instagram.com/blackhillsbicycles/,
Bluestem Bicycles,405 Main Ave  Brookings  SD 57006  United States,405 Main Ave,Brookings,57006,South Dakota,US,America/Chicago,16056922453,info@bluestembicycles.com,https://bluestembicycles.com/,bluestembicycles.com,Bicycle store,Bicycle repair shop,Yes,55,4.8,open,"Saturday, 10â€¯AM-4â€¯PM; Sunday, Closed; Monday, Closed; Tuesday, Closed; Wednesday, 11â€¯AM-7â€¯PM; Thursday, 11â€¯AM-7â€¯PM; Friday, 11â€¯AM-7â€¯PM; ",10â€¯AM-4â€¯PM,Closed,Closed,Closed,11â€¯AM-7â€¯PM,11â€¯AM-7â€¯PM,11â€¯AM-7â€¯PM,Lat 44.3093844,Lng -96.79885639999999,https://www.google.com/maps/place/?q=place_id:ChIJj8-L8qmjiYcRKPfUbeIVAwM,https://www.google.com/search?kgmid=/g/11c0vp2s5s,https://lh5.googleusercontent.com/p/AF1QipMIs60RzZlW0lFN5x-abiQiVaBuJuSJdtAOjoV2,"https://t1.gstatic.com/faviconV2?client=SOCIAL&type=FAVICON&fallback_opts=TYPE,SIZE,URL&url=https://bluestembicycles.com/&size=48","https://search.google.com/local/reviews?placeid=ChIJj8-L8qmjiYcRKPfUbeIVAwM&q=bicycle+shop+near+Winner,+South+Dakota,+USA&authuser=0&hl=en",6056922453, , ,,
Center of Hope,1905 E 8th St  Sioux Falls  SD 57103  United States,1905 E 8th St,Sioux Falls,57103,South Dakota,US,America/Chicago,16053349789,info@centerofhopesf.org,http://www.centerofhopesf.org/,centerofhopesf.org,Bicycle Shop,,Yes,83,4.6,open,"Saturday, Closed; Sunday, Closed; Monday, 9â€¯AM-5â€¯PM; Tuesday, 9â€¯AM-5â€¯PM; Wednesday, 9â€¯AM-5â€¯PM | 6-8:30â€¯PM; Thursday, 9â€¯AM-5â€¯PM | 6-8:30â€¯PM; Friday, 9â€¯AM-5â€¯PM; ",Closed,Closed,9â€¯AM-5â€¯PM,9â€¯AM-5â€¯PM,9â€¯AM-5â€¯PM | 6-8:30â€¯PM,9â€¯AM-5â€¯PM | 6-8:30â€¯PM,9â€¯AM-5â€¯PM,Lat 43.5479487,Lng -96.702461,https://www.google.com/maps/place/?q=place_id:ChIJX0TM27y1jocRIJ6NevXHjNs,https://www.google.com/search?kgmid=/g/1tjt2fgq,https://lh5.googleusercontent.com/p/AF1QipN3tgU2N9nHQWEK3UosEMDNYUM1M-b31G-VtG8E,"https://t1.gstatic.com/faviconV2?client=SOCIAL&type=FAVICON&fallback_opts=TYPE,SIZE,URL&url=http://www.centerofhopesf.org/&size=48","https://search.google.com/local/reviews?placeid=ChIJX0TM27y1jocRIJ6NevXHjNs&q=bicycle+shop+near+Hartford,+South+Dakota,+USA&authuser=0&hl=en",,https://www.facebook.com/centerofhopesf,https://www.twitter.com/centerofhopesf,,https://www.youtube.com/channel/UCQv_tMaD7jsSmGpQ42fRHGA
Pedal Power Ebikes,421 Quinn Ave  Harrisburg  SD 57032  United States,421 Quinn Ave,Harrisburg,57032,South Dakota,US,America/Chicago,16057779064,pedalpower23@gmail.com,https://www.pedalpowerebikes.com/,pedalpowerebikes.com,Electric bicycle store, ,Yes,,,open,"Saturday, 10â€¯AM-6â€¯PM; Sunday, Closed; Monday, 10â€¯AM-6â€¯PM; Tuesday, 10â€¯AM-6â€¯PM; Wednesday, 10â€¯AM-6â€¯PM; Thursday, 10â€¯AM-6â€¯PM; Friday, 10â€¯AM-6â€¯PM; ",10â€¯AM-6â€¯PM,Closed,10â€¯AM-6â€¯PM,10â€¯AM-6â€¯PM,10â€¯AM-6â€¯PM,10â€¯AM-6â€¯PM,10â€¯AM-6â€¯PM,Lat 43.4416686,Lng -96.69380699999999,https://www.google.com/maps/place/?q=place_id:ChIJad00-5W5jocRCdQ_ZBWLFe4,https://www.google.com/search?kgmid=/g/11xw7fcpg9,https://lh5.googleusercontent.com/p/AF1QipO79CpB2gT7EvXNWg3WPnlUVzfsSXUeCEH-af85,"https://t1.gstatic.com/faviconV2?client=SOCIAL&type=FAVICON&fallback_opts=TYPE,SIZE,URL&url=https://www.pedalpowerebikes.com/&size=48", ,, , ,https://www.instagram.com/thirty_f_template/,
Xtreme Dakota Bicycles,1150 Moose Dr  Sturgis  SD 57785  United States,1150 Moose Dr,Sturgis,57785,South Dakota,US,America/Denver,16057204046,xtremedakotabicycles@outlook.com,https://www.xtremedakotabicycles.shop/,xtremedakotabicycles.shop,Bicycle store, ,Yes,26,4.8,open,"Friday, 12-5â€¯PM; Saturday, Closed; Sunday, Closed; Monday, Closed; Tuesday, 12-5â€¯PM; Wednesday, 12-5â€¯PM; Thursday, 12-5â€¯PM; ",Closed,Closed,Closed,12-5â€¯PM,12-5â€¯PM,12-5â€¯PM,12-5â€¯PM,Lat 44.4170997,Lng -103.53383769999999,https://www.google.com/maps/place/?q=place_id:ChIJe4EALoRbLVMR9est9_Q8EC8,https://www.google.com/search?kgmid=/g/11c0rtdz2m,https://lh5.googleusercontent.com/p/CIHM0ogKEICAgIDk37jwQg,"https://t1.gstatic.com/faviconV2?client=SOCIAL&type=FAVICON&fallback_opts=TYPE,SIZE,URL&url=https://www.xtremedakotabicycles.shop/&size=48","https://search.google.com/local/reviews?placeid=ChIJe4EALoRbLVMR9est9_Q8EC8&q=bicycle+shop+near+Blackhawk,+South+Dakota,+USA&authuser=0&hl=en",,https://www.facebook.com/xtremedakotabicycles/?redirect=false, ,https://www.instagram.com/xtremedakotacycles/,
Bike Plus,28 Center St  Vermillion  SD 57069  United States,28 Center St,Vermillion,57069,South Dakota,US,America/Chicago,16056246400,,,,Bicycle repair shop, ,Yes,24,4.8,open,"Saturday, 9â€¯AM-1â€¯PM; Sunday, Closed; Monday, Closed; Tuesday, 1-5:30â€¯PM; Wednesday, 1-5:30â€¯PM; Thursday, 1-5:30â€¯PM; Friday, 1-5:30â€¯PM; ",9â€¯AM-1â€¯PM,Closed,Closed,1-5:30â€¯PM,1-5:30â€¯PM,1-5:30â€¯PM,1-5:30â€¯PM,Lat 42.7803227,Lng -96.9322274,https://www.google.com/maps/place/?q=place_id:ChIJmYLytppPjocR0LwYAnlpvjo,https://www.google.com/search?kgmid=/g/1vbl825m,https://lh5.googleusercontent.com/p/CIHM0ogKEICAgIDO-s7utgE, ,"https://search.google.com/local/reviews?placeid=ChIJmYLytppPjocR0LwYAnlpvjo&q=bicycle+shop+near+Dell+Rapids,+South+Dakota,+USA&authuser=0&hl=en", , , , , 
Sunrise Bicycle Repair,2905 Sunrise Ct  Brandon  SD 57005  United States,2905 Sunrise Ct,Brandon,57005,South Dakota,US,America/Chicago,16059519327,,,,Bicycle store, ,Yes,3,5,open,"Friday, 5-8â€¯PM; Saturday, 8â€¯AM-8â€¯PM; Sunday, 12-8â€¯PM; Monday, 5-8â€¯PM; Tuesday, 5-8â€¯PM; Wednesday, 5-8â€¯PM; Thursday, 5-8â€¯PM; ",8â€¯AM-8â€¯PM,12-8â€¯PM,5-8â€¯PM,5-8â€¯PM,5-8â€¯PM,5-8â€¯PM,5-8â€¯PM,Lat 43.5916394,Lng -96.54910869999999,https://www.google.com/maps/place/?q=place_id:ChIJlRaKOFetjocRnyMOcjOL__s,https://www.google.com/search?kgmid=/g/11vlq3lyms,https://lh5.googleusercontent.com/p/AF1QipNB8GNZZdHnpxA4pdqF-dOHdu8R0zPrP8sQSqRs, ,https://search.google.com/local/reviews?placeid=ChIJlRaKOFetjocRnyMOcjOL__s&q=Sunrise+Bicycle+Repair&authuser=0&hl=en, , , , , 
Motocruzin,1151 Industry Rd  Sturgis  SD 57785  United States,1151 Industry Rd,Sturgis,57785,South Dakota,US,America/Denver,16052805549,,,,Bicycle store, ,No,,,open, ,,,,,,,,Lat 44.423127,Lng -103.5582501,https://www.google.com/maps/place/?q=place_id:ChIJVVWVFKheLVMRlU6eXV3e4BE,https://www.google.com/search?kgmid=/g/11h5q8gyf0, , , , , , , , 
RentaBikeNow for Store #21,2019 S Minnesota Ave  Sioux Falls  SD 57105  United States,2019 S Minnesota Ave,Sioux Falls,57105,South Dakota,US,America/Chicago,18474414292,,,,Bicycle store, ,Yes,,,open,"Friday, 10â€¯AM-5â€¯PM; Saturday, 10â€¯AM-5â€¯PM; Sunday, Closed; Monday, 10â€¯AM-5â€¯PM; Tuesday, 10â€¯AM-5â€¯PM; Wednesday, 10â€¯AM-5â€¯PM; Thursday, 10â€¯AM-5â€¯PM; ",10â€¯AM-5â€¯PM,Closed,10â€¯AM-5â€¯PM,10â€¯AM-5â€¯PM,10â€¯AM-5â€¯PM,10â€¯AM-5â€¯PM,10â€¯AM-5â€¯PM,Lat 43.5263925,Lng -96.7316342,https://www.google.com/maps/place/?q=place_id:ChIJwegnm-i1jocRpfpOLXXoOoU,https://www.google.com/search?kgmid=/g/11g_pnxv9,https://lh5.googleusercontent.com/p/JBo0ETEXjpSTaXc_FzYliA, , , , , , , 
Bmxhub,1019 1st Ave SE  Aberdeen  SD 57401  United States,1019 1st Ave SE,Aberdeen,57401,South Dakota,US,America/Chicago,16052161583,,,,Bicycle store, ,No,4,5,open,"Friday, 10â€¯AM-5â€¯PM; Saturday, Closed; Sunday, Closed; Monday, 10â€¯AM-5â€¯PM; Tuesday, 10â€¯AM-5â€¯PM; Wednesday, 10â€¯AM-5â€¯PM; Thursday, 10â€¯AM-5â€¯PM; ",Closed,Closed,10â€¯AM-5â€¯PM,10â€¯AM-5â€¯PM,10â€¯AM-5â€¯PM,10â€¯AM-5â€¯PM,10â€¯AM-5â€¯PM,Lat 45.4645559,Lng -98.4721668,https://www.google.com/maps/place/?q=place_id:ChIJz4I8JfZE0lIRUO5SKr6Eemk,https://www.google.com/search?kgmid=/g/12m95vd7j,https://lh5.googleusercontent.com/p/CIHM0ogKEICAgID4s-7KSQ, ,"https://search.google.com/local/reviews?placeid=ChIJz4I8JfZE0lIRUO5SKr6Eemk&q=bicycle+shop+near+Aberdeen,+South+Dakota,+USA&authuser=0&hl=en", , , , , 
Parking Lot for Bicycles,Watertown  SD 57201  United States,Watertown  SD 57201,Watertown, ,South Dakota,US,America/Chicago,,,,,Parking lot for bicycles, ,No,,,open, ,,,,,,,,Lat 44.9006581,Lng -97.1113336,https://www.google.com/maps/place/?q=place_id:ChIJP3V2UMXXzFIR6g4-WySwmqo,https://www.google.com/search?kgmid=/g/11y405ybhz,https://lh5.googleusercontent.com/p/_IVdRdom7wqPajAVu0JqCg, , , , , , , 
Gold Rush Ebike,224 Cliff St  Deadwood  SD 57732  United States,224 Cliff St,Deadwood,57732,South Dakota,US,America/Denver,16053400236,,http://goldrushebike.com/,goldrushebike.com,Bicycle rental service, ,Yes,2,3,open, ,,,,,,,,Lat 44.3650114,Lng -103.7330841,https://www.google.com/maps/place/?q=place_id:ChIJh5MjazZFfYcRttbcoofcDSw,https://www.google.com/search?kgmid=/g/11t5zph0gw,https://lh5.googleusercontent.com/p/AF1QipMJLtLygo2xBrPujeKUi571LUHYGvKd8aJxyyZK,"https://t1.gstatic.com/faviconV2?client=SOCIAL&type=FAVICON&fallback_opts=TYPE,SIZE,URL&url=http://goldrushebike.com/&size=48","https://search.google.com/local/reviews?placeid=ChIJh5MjazZFfYcRttbcoofcDSw&q=bicycle+shop+near+Lead,+South+Dakota,+USA&authuser=0&hl=en",,https://www.facebook.com/goldrushebike, ,https://www.instagram.com/goldrushebike,
Gold Rush EBike,224 Cliff St  Deadwood  SD 57732  United States,224 Cliff St,Deadwood,57732,South Dakota,US,America/Denver,16053400236,,http://goldrushebike.com/,goldrushebike.com,Bicycle rental service, ,Yes,28,5,open,"Saturday, 9â€¯AM-4â€¯PM; Sunday, 9â€¯AM-4â€¯PM; Monday, Closed; Tuesday, Closed; Wednesday, 9â€¯AM-4â€¯PM; Thursday, 9â€¯AM-4â€¯PM; Friday, 9â€¯AM-4â€¯PM; ",9â€¯AM-4â€¯PM,9â€¯AM-4â€¯PM,Closed,Closed,9â€¯AM-4â€¯PM,9â€¯AM-4â€¯PM,9â€¯AM-4â€¯PM,Lat 44.3650114,Lng -103.7330841,https://www.google.com/maps/place/?q=place_id:ChIJJQ9r1calMlMRyio4CWJnFeQ,https://www.google.com/search?kgmid=/g/11q26vjj38,https://lh5.googleusercontent.com/p/CIHM0ogKEICAgID6u7jO7gE,"https://t1.gstatic.com/faviconV2?client=SOCIAL&type=FAVICON&fallback_opts=TYPE,SIZE,URL&url=http://goldrushebike.com/&size=48","https://search.google.com/local/reviews?placeid=ChIJJQ9r1calMlMRyio4CWJnFeQ&q=bicycle+shop+near+Lead,+South+Dakota,+USA&authuser=0&hl=en",,https://www.facebook.com/goldrushebike, ,https://www.instagram.com/goldrushebike,
Roll Out Bike Rentals,2301 24th Ave NW  Aberdeen  SD 57401  United States,2301 24th Ave NW,Aberdeen,57401,South Dakota,US,America/Chicago,16059710819,,http://rolloutbikerentals.com/,rolloutbikerentals.com,Bicycle rental service, ,Yes,4,4.5,open, ,,,,,,,,Lat 45.489441,Lng -98.5167063,https://www.google.com/maps/place/?q=place_id:ChIJOfPIL09E0lIRPsu1NBEaVec,https://www.google.com/search?kgmid=/g/11cn6cg86w,https://lh5.googleusercontent.com/p/AF1QipMk4NNCvPbmGpL2pDYoM8mBWggP2DlU5b6_vaLO,"https://t1.gstatic.com/faviconV2?client=SOCIAL&type=FAVICON&fallback_opts=TYPE,SIZE,URL&url=http://rolloutbikerentals.com/&size=48","https://search.google.com/local/reviews?placeid=ChIJOfPIL09E0lIRPsu1NBEaVec&q=bicycle+shop+near+Aberdeen,+South+Dakota,+USA&authuser=0&hl=en",, , ,,
Rabbit Bicycles & Repair,175 Walnut Ave  Hill City  SD 57745  United States,175 Walnut Ave,Hill City,57745,South Dakota,US,America/Denver,16055744302,,http://rabbitbicyclessd.com/,rabbitbicyclessd.com,Bicycle rental service, ,Yes,78,3.5,open,"Friday, 9â€¯AM-4â€¯PM; Saturday, 9â€¯AM-4â€¯PM; Sunday, 9â€¯AM-3â€¯PM; Monday, 9â€¯AM-4â€¯PM; Tuesday, 9â€¯AM-4â€¯PM; Wednesday, 9â€¯AM-4â€¯PM; Thursday, 9â€¯AM-4â€¯PM; ",9â€¯AM-4â€¯PM,9â€¯AM-3â€¯PM,9â€¯AM-4â€¯PM,9â€¯AM-4â€¯PM,9â€¯AM-4â€¯PM,9â€¯AM-4â€¯PM,9â€¯AM-4â€¯PM,Lat 43.9331025,Lng -103.5744656,https://www.google.com/maps/place/?q=place_id:ChIJq2UTRuS0YocRhEXKzhqq_jU,https://www.google.com/search?kgmid=/g/1261rg2s_,https://lh5.googleusercontent.com/p/CIHM0ogKEICAgID2sZyJdg,"https://t1.gstatic.com/faviconV2?client=SOCIAL&type=FAVICON&fallback_opts=TYPE,SIZE,URL&url=http://rabbitbicyclessd.com/&size=48","https://search.google.com/local/reviews?placeid=ChIJq2UTRuS0YocRhEXKzhqq_jU&q=bicycle+shop+near+Blackhawk,+South+Dakota,+USA&authuser=0&hl=en",, , ,,
Axbow,403 W Main St  Lead  SD 57754  United States,403 W Main St,Lead,57754,South Dakota,US,America/Denver,16052224374,,https://axbowrentals.com/,axbowrentals.com,Bicycle rental service, ,Yes,16,5,open, ,,,,,,,,Lat 44.3518555,Lng -103.76824669999999,https://www.google.com/maps/place/?q=place_id:ChIJVVUR7C-kMlMRDXzIaLP2Kmo,https://www.google.com/search?kgmid=/g/11s0skhm04,https://lh5.googleusercontent.com/p/CIHM0ogKEICAgICZu4-0Fw,"https://t1.gstatic.com/faviconV2?client=SOCIAL&type=FAVICON&fallback_opts=TYPE,SIZE,URL&url=https://axbowrentals.com/&size=48","https://search.google.com/local/reviews?placeid=ChIJVVUR7C-kMlMRDXzIaLP2Kmo&q=bicycle+shop+near+Lead,+South+Dakota,+USA&authuser=0&hl=en",(605)222-4374 | 6052224374, , ,,
Mile High e-Bikes,111 Siever St  Lead  SD 57754  United States,111 Siever St,Lead,57754,South Dakota,US,America/Denver,16053400447,,http://milehighe-bikes.com/,milehighe-bikes.com,Bicycle rental service, ,Yes,15,4.5,open,"Saturday, 9â€¯AM-4â€¯PM; Sunday, 9â€¯AM-4â€¯PM; Monday, 9â€¯AM-4â€¯PM; Tuesday, 9â€¯AM-4â€¯PM; Wednesday, 9â€¯AM-4â€¯PM; Thursday, 9â€¯AM-4â€¯PM; Friday, 9â€¯AM-4â€¯PM; ",9â€¯AM-4â€¯PM,9â€¯AM-4â€¯PM,9â€¯AM-4â€¯PM,9â€¯AM-4â€¯PM,9â€¯AM-4â€¯PM,9â€¯AM-4â€¯PM,9â€¯AM-4â€¯PM,Lat 44.3512602,Lng -103.7662503,https://www.google.com/maps/place/?q=place_id:ChIJwXoDecqlMlMRux7qX_fzF18,https://www.google.com/search?kgmid=/g/11q4k9fkz0,https://lh5.googleusercontent.com/p/AF1QipMZSIcXit7kBrpFTTDdag4RXjVNbT040BdTp7_O,"https://t1.gstatic.com/faviconV2?client=SOCIAL&type=FAVICON&fallback_opts=TYPE,SIZE,URL&url=http://milehighe-bikes.com/&size=48","https://search.google.com/local/reviews?placeid=ChIJwXoDecqlMlMRux7qX_fzF18&q=bicycle+shop+near+Lead,+South+Dakota,+USA&authuser=0&hl=en",, , ,,
Downtown bikeworks,15 E Kemp Ave  Watertown  SD 57201  United States,15 E Kemp Ave,Watertown,57201,South Dakota,US,America/Chicago,16058846050,,http://downtownbikeworks.com/,downtownbikeworks.com,Bicycle repair shop, ,Yes,2,5,open,"Friday, 8:30â€¯AM-5:30â€¯PM; Saturday, Closed; Sunday, Closed; Monday, 8:30â€¯AM-5:30â€¯AM; Tuesday, 8:30â€¯AM-5:30â€¯PM; Wednesday, 8:30â€¯AM-5:30â€¯PM; Thursday, 8:30â€¯AM-5:30â€¯PM; ",Closed,Closed,8:30â€¯AM-5:30â€¯AM,8:30â€¯AM-5:30â€¯PM,8:30â€¯AM-5:30â€¯PM,8:30â€¯AM-5:30â€¯PM,8:30â€¯AM-5:30â€¯PM,Lat 44.9004087,Lng -97.11363949999999,https://www.google.com/maps/place/?q=place_id:ChIJgwA7lsvXzFIRDaHj25kkh50,https://www.google.com/search?kgmid=/g/11q25tf0b0,https://lh5.googleusercontent.com/p/AF1QipNNAQS_hOhSuEqUu2hnK2AGbHvZHXxPH7BX2ss-,"https://t1.gstatic.com/faviconV2?client=SOCIAL&type=FAVICON&fallback_opts=TYPE,SIZE,URL&url=http://downtownbikeworks.com/&size=48","https://search.google.com/local/reviews?placeid=ChIJgwA7lsvXzFIRDaHj25kkh50&q=bicycle+shop+near+Watertown,+South+Dakota,+USA&authuser=0&hl=en",,https://www.facebook.com/Downtown-bikeworks-101912504885252,http://www.twitter.com/wix,https://instagram.com/wix/,https://www.youtube.com/user/Wix
Rise Suspension,115 W Highpointe St Suite 1  Tea  SD 57064  United States,115 W Highpointe St Suite 1,Tea,57064,South Dakota,US,America/Chicago,16052802403,,http://risesuspension.com/?utm_source=gmb&utm_medium=referral,risesuspension.com,Bicycle repair shop, ,Yes,6,4.7,open,"Saturday, 10â€¯AM-6â€¯PM; Sunday, Closed; Monday, Closed; Tuesday, 10â€¯AM-6â€¯PM; Wednesday, 10â€¯AM-6â€¯PM; Thursday, 10â€¯AM-6â€¯PM; Friday, 10â€¯AM-6â€¯PM; ",10â€¯AM-6â€¯PM,Closed,Closed,10â€¯AM-6â€¯PM,10â€¯AM-6â€¯PM,10â€¯AM-6â€¯PM,10â€¯AM-6â€¯PM,Lat 43.458036799999995,Lng -96.83548789999999,https://www.google.com/maps/place/?q=place_id:ChIJpTb6XMS1jocRpmfy_1NIn7w,https://www.google.com/search?kgmid=/g/11np313kwv,https://lh5.googleusercontent.com/p/AF1QipN0NkhYy7QSFTKjCbvd9kMEFUr0LFgPkNil8WFm,"https://t1.gstatic.com/faviconV2?client=SOCIAL&type=FAVICON&fallback_opts=TYPE,SIZE,URL&url=http://risesuspension.com/?utm_source=gmb&utm_medium=referral&size=48","https://search.google.com/local/reviews?placeid=ChIJpTb6XMS1jocRpmfy_1NIn7w&q=bicycle+shop+near+Lennox,+South+Dakota,+USA&authuser=0&hl=en",, , , , 
Pasley Park Bike Repair Station,Sioux Falls  SD 57103  United States,Sioux Falls  SD 57103,Sioux Falls,57103,South Dakota,US,America/Chicago,,,https://www.siouxfalls.gov/activities-recreation/parks-trails/directory/parks/pasley,siouxfalls.gov,Bicycle repair shop, ,No,,,open, ,,,,,,,,Lat 43.5227803,Lng -96.6999048,https://www.google.com/maps/place/?q=place_id:ChIJwSu1RQC1jocRaU6nvPKr4eg,https://www.google.com/search?kgmid=/g/11w2qk69yp, ,"https://t1.gstatic.com/faviconV2?client=SOCIAL&type=FAVICON&fallback_opts=TYPE,SIZE,URL&url=https://www.siouxfalls.gov/activities-recreation/parks-trails/directory/parks/pasley&size=48", ,,https://www.facebook.com/CityofSiouxFalls, ,,https://youtube.com/@CityofSiouxFalls
Ace Bike & Fitness,2404 Broadway Ave  Yankton  SD 57078  United States,2404 Broadway Ave,Yankton,57078,South Dakota,US,America/Chicago,16052602453,,http://www.acebikeandfitness.com/,acebikeandfitness.com,Bicycle store,Bicycle rental service,Yes,47,4.8,open,"Saturday, 8â€¯AM-6â€¯PM; Sunday, 10â€¯AM-5â€¯PM; Monday, 8â€¯AM-8â€¯PM; Tuesday, 8â€¯AM-8â€¯PM; Wednesday, 8â€¯AM-8â€¯PM; Thursday, 8â€¯AM-8â€¯PM; Friday, 8â€¯AM-8â€¯PM; ",8â€¯AM-6â€¯PM,10â€¯AM-5â€¯PM,8â€¯AM-8â€¯PM,8â€¯AM-8â€¯PM,8â€¯AM-8â€¯PM,8â€¯AM-8â€¯PM,8â€¯AM-8â€¯PM,Lat 42.896201399999995,Lng -97.3960074,https://www.google.com/maps/place/?q=place_id:ChIJ5zWM4aqhj4cREKBJ-wXM_To,https://www.google.com/search?kgmid=/g/1tt1hql1,https://lh5.googleusercontent.com/p/AF1QipNAirHeEjbt0vRzOHHd1SHpn0gV5oloWJZ_Ucz8,"https://t1.gstatic.com/faviconV2?client=SOCIAL&type=FAVICON&fallback_opts=TYPE,SIZE,URL&url=http://www.acebikeandfitness.com/&size=48","https://search.google.com/local/reviews?placeid=ChIJ5zWM4aqhj4cREKBJ-wXM_To&q=bicycle+shop+near+Winner,+South+Dakota,+USA&authuser=0&hl=en",+16052602453 | (605) 260-2453, , ,,
E Bike 605,1600 W 41st St  Sioux Falls  SD 57105  United States,1600 W 41st St,Sioux Falls,57105,South Dakota,US,America/Chicago,16052746700,,https://605.life/,605.life,Bicycle store,Electric motor scooter dealer,Yes,25,4.9,open,"Saturday, 9â€¯AM-6â€¯PM; Sunday, 11â€¯AM-5â€¯PM; Monday, 9â€¯AM-7â€¯PM; Tuesday, 9â€¯AM-7â€¯PM; Wednesday, 9â€¯AM-7â€¯PM; Thursday, 9â€¯AM-7â€¯PM; Friday, 9â€¯AM-7â€¯PM; ",9â€¯AM-6â€¯PM,11â€¯AM-5â€¯PM,9â€¯AM-7â€¯PM,9â€¯AM-7â€¯PM,9â€¯AM-7â€¯PM,9â€¯AM-7â€¯PM,9â€¯AM-7â€¯PM,Lat 43.5151444,Lng -96.7452883,https://www.google.com/maps/place/?q=place_id:ChIJ8U8BokG3jocRvx1BxbKeggE,https://www.google.com/search?kgmid=/g/11j59gnrsw,https://lh5.googleusercontent.com/p/CIABIhDEn_quyU7Xkcbf5n_IFBok,"https://t1.gstatic.com/faviconV2?client=SOCIAL&type=FAVICON&fallback_opts=TYPE,SIZE,URL&url=https://605.life/&size=48","https://search.google.com/local/reviews?placeid=ChIJ8U8BokG3jocRvx1BxbKeggE&q=bicycle+shop+near+Lennox,+South+Dakota,+USA&authuser=0&hl=en",, , ,,
Dakota Outdoors,402 N Main St  Aberdeen  SD 57401  United States,402 N Main St,Aberdeen,57401,South Dakota,US,America/Chicago,16052290123,,http://dobikeandfitness.com/,dobikeandfitness.com,Bicycle store, ,Yes,87,4.8,open,"Friday, 8:30â€¯AM-5:30â€¯PM; Saturday, 9â€¯AM-5â€¯PM; Sunday, Closed; Monday, 8:30â€¯AM-5:30â€¯PM; Tuesday, 8:30â€¯AM-5:30â€¯PM; Wednesday, 8:30â€¯AM-5:30â€¯PM; Thursday, 8:30â€¯AM-5:30â€¯PM; ",9â€¯AM-5â€¯PM,Closed,8:30â€¯AM-5:30â€¯PM,8:30â€¯AM-5:30â€¯PM,8:30â€¯AM-5:30â€¯PM,8:30â€¯AM-5:30â€¯PM,8:30â€¯AM-5:30â€¯PM,Lat 45.4698633,Lng -98.48769,https://www.google.com/maps/place/?q=place_id:ChIJbSmXJ_xE0lIRHSq1V_tyXM0,https://www.google.com/search?kgmid=/g/1tm1q3c4,https://lh5.googleusercontent.com/p/CIHM0ogKEICAgICcnuitMw,"https://t1.gstatic.com/faviconV2?client=SOCIAL&type=FAVICON&fallback_opts=TYPE,SIZE,URL&url=http://dobikeandfitness.com/&size=48","https://search.google.com/local/reviews?placeid=ChIJbSmXJ_xE0lIRHSq1V_tyXM0&q=bicycle+shop+near+Aberdeen,+South+Dakota,+USA&authuser=0&hl=en",16052290123,https://www.facebook.com/Dakota-Outdoors-107424052649737, ,,
Rons Bicycle and Locksmith Shop,723 S Sanborn Blvd  Mitchell  SD 57301  United States,723 S Sanborn Blvd,Mitchell,57301,South Dakota,US,America/Chicago,16059967005,,https://www.ronsbikeshop.com/,ronsbikeshop.com,Bicycle store,Emergency locksmith service,Yes,24,4.1,open,"Saturday, 9â€¯AM-3â€¯PM; Sunday, Closed; Monday, 9â€¯AM-6â€¯PM; Tuesday, 9â€¯AM-6â€¯PM; Wednesday, 9â€¯AM-6â€¯PM; Thursday, 9â€¯AM-6â€¯PM; Friday, 9â€¯AM-6â€¯PM; ",9â€¯AM-3â€¯PM,Closed,9â€¯AM-6â€¯PM,9â€¯AM-6â€¯PM,9â€¯AM-6â€¯PM,9â€¯AM-6â€¯PM,9â€¯AM-6â€¯PM,Lat 43.702739799999996,Lng -98.0298567,https://www.google.com/maps/place/?q=place_id:ChIJixhsL3QRhocRPptiR2htwEo,https://www.google.com/search?kgmid=/g/11hd9kh4_8,https://lh5.googleusercontent.com/p/CIHM0ogKEICAgICqkv6zvQE,"https://t1.gstatic.com/faviconV2?client=SOCIAL&type=FAVICON&fallback_opts=TYPE,SIZE,URL&url=https://www.ronsbikeshop.com/&size=48","https://search.google.com/local/reviews?placeid=ChIJixhsL3QRhocRPptiR2htwEo&q=bicycle+shop+near+Winner,+South+Dakota,+USA&authuser=0&hl=en",16059967005,https://www.facebook.com/ronsbikeshopandlocksmith/, ,https://www.instagram.com/ronsbikeshop/,
Spoke-N-Sport,3401 S Cliff Ave  Sioux Falls  SD 57105  United States,3401 S Cliff Ave,Sioux Falls,57105,South Dakota,US,America/Chicago,16052752453,,http://www.snsbikes.com/,snsbikes.com,Bicycle store,Bicycle repair shop,Yes,324,4.8,open,"Saturday, 11â€¯AM-5â€¯PM; Sunday, Closed; Monday, 11â€¯AM-7â€¯PM; Tuesday, 11â€¯AM-7â€¯PM; Wednesday, 11â€¯AM-7â€¯PM; Thursday, 11â€¯AM-7â€¯PM; Friday, 11â€¯AM-6â€¯PM; ",11â€¯AM-5â€¯PM,Closed,11â€¯AM-7â€¯PM,11â€¯AM-7â€¯PM,11â€¯AM-7â€¯PM,11â€¯AM-7â€¯PM,11â€¯AM-6â€¯PM,Lat 43.513605299999995,Lng -96.71232309999999,https://www.google.com/maps/place/?q=place_id:ChIJjysUZOC1jocR-b9t1XSED_E,https://www.google.com/search?kgmid=/g/1tdkh4d0,https://lh5.googleusercontent.com/p/CIHM0ogKEICAgIC4k_6lag,"https://t1.gstatic.com/faviconV2?client=SOCIAL&type=FAVICON&fallback_opts=TYPE,SIZE,URL&url=http://www.snsbikes.com/&size=48","https://search.google.com/local/reviews?placeid=ChIJjysUZOC1jocR-b9t1XSED_E&q=bicycle+shop+near+Winner,+South+Dakota,+USA&authuser=0&hl=en",, , , , 
Acme Bicycles,700 Jackson Blvd  Rapid City  SD 57702  United States,700 Jackson Blvd,Rapid City,57702,South Dakota,US,America/Denver,16053439534,,http://www.acmebicycles.com/,acmebicycles.com,Bicycle store,Bicycle repair shop,Yes,146,4.8,open,"Friday, 10â€¯AM-6â€¯PM; Saturday, 10â€¯AM-4â€¯PM; Sunday, Closed; Monday, 10â€¯AM-6â€¯PM; Tuesday, 10â€¯AM-6â€¯PM; Wednesday, 10â€¯AM-6â€¯PM; Thursday, 10â€¯AM-6â€¯PM; ",10â€¯AM-4â€¯PM,Closed,10â€¯AM-6â€¯PM,10â€¯AM-6â€¯PM,10â€¯AM-6â€¯PM,10â€¯AM-6â€¯PM,10â€¯AM-6â€¯PM,Lat 44.0801094,Lng -103.24837389999999,https://www.google.com/maps/place/?q=place_id:ChIJl2f2QrRcfYcRROmQONNZ6fk,https://www.google.com/search?kgmid=/g/1v7pyzq5,https://lh5.googleusercontent.com/p/CIHM0ogKEICAgICkpcCbRw,"https://t1.gstatic.com/faviconV2?client=SOCIAL&type=FAVICON&fallback_opts=TYPE,SIZE,URL&url=http://www.acmebicycles.com/&size=48","https://search.google.com/local/reviews?placeid=ChIJl2f2QrRcfYcRROmQONNZ6fk&q=bicycle+shop+near+Blackhawk,+South+Dakota,+USA&authuser=0&hl=en",16053439534,https://www.facebook.com/bhpaddlesports, ,https://www.instagram.com/acmebicycles/,
Two Wheeler Dealer Cycle & Fitness: Run Bike Spearfish,305 N Main St Suite 1  Spearfish  SD 57783  United States,305 N Main St Suite 1,Spearfish,57783,South Dakota,US,America/Denver,16056427545,,http://twowheelerdealer.com/,twowheelerdealer.com,Bicycle store,Bicycle rental service,Yes,59,4.8,open,"Saturday, 10â€¯AM-3â€¯PM; Sunday, Closed; Monday, Closed; Tuesday, 10â€¯AM-5:30â€¯PM; Wednesday, 10â€¯AM-5:30â€¯PM; Thursday, 10â€¯AM-5:30â€¯PM; Friday, 10â€¯AM-5:30â€¯PM; ",10â€¯AM-3â€¯PM,Closed,Closed,10â€¯AM-5:30â€¯PM,10â€¯AM-5:30â€¯PM,10â€¯AM-5:30â€¯PM,10â€¯AM-5:30â€¯PM,Lat 44.485873999999995,Lng -103.858204,https://www.google.com/maps/place/?q=place_id:ChIJMeSTt7SZMlMR1PSNTiZuik8,https://www.google.com/search?kgmid=/g/1tq8j6cr,https://lh5.googleusercontent.com/p/AF1QipPif0HoQN9TZib9OTlezs_gM-9Lb9fjgj3Agg8p,"https://t1.gstatic.com/faviconV2?client=SOCIAL&type=FAVICON&fallback_opts=TYPE,SIZE,URL&url=http://twowheelerdealer.com/&size=48","https://search.google.com/local/reviews?placeid=ChIJMeSTt7SZMlMR1PSNTiZuik8&q=bicycle+shop+near+Lead,+South+Dakota,+USA&authuser=0&hl=en",-8791,https://www.facebook.com/TwoWheelerDealerCycleFitness, ,https://www.instagram.com/twdspearfish/,
The Bike Shop,101 W Kemp Ave  Watertown  SD 57201  United States,101 W Kemp Ave,Watertown,57201,South Dakota,US,America/Chicago,16052377456,,https://www.facebook.com/dustin.bike.5,facebook.com,Bicycle store,Disc golf course,Yes,35,4.6,open,"Saturday, 10â€¯AM-1â€¯PM; Sunday, Closed; Monday, Closed; Tuesday, 10:30â€¯AM-5â€¯PM; Wednesday, 10:30â€¯AM-5â€¯PM; Thursday, 10â€¯AM-5â€¯PM; Friday, 10â€¯AM-5â€¯PM; ",10â€¯AM-1â€¯PM,Closed,Closed,10:30â€¯AM-5â€¯PM,10:30â€¯AM-5â€¯PM,10â€¯AM-5â€¯PM,10â€¯AM-5â€¯PM,Lat 44.9010283,Lng -97.11639579999999,https://www.google.com/maps/place/?q=place_id:ChIJnZ631C_XzFIRowDiT8keDgE,https://www.google.com/search?kgmid=/g/11f6yflyfv,https://lh5.googleusercontent.com/p/AF1QipO92fX9oJnUzHGWOQJcjdv3nrIOHo7E7SrF8qqC,"https://t1.gstatic.com/faviconV2?client=SOCIAL&type=FAVICON&fallback_opts=TYPE,SIZE,URL&url=https://www.facebook.com/dustin.bike.5&size=48","https://search.google.com/local/reviews?placeid=ChIJnZ631C_XzFIRowDiT8keDgE&q=bicycle+shop+near+Milbank,+South+Dakota,+USA&authuser=0&hl=en",,https://www.facebook.com/recover/initiate/?ars=facebook_login&cancel_lara_pswd=0&next=https%3A%2F%2Fwww.facebook.com%2Fdustin.bike.5, ,https://l.facebook.com/l.php?u=https%3A%2F%2Fwww.instagram.com%2F&h=AT0kKRHDGJKlO3tX5iGwKVXpGGDwVaAXCz2doOlDsyzjGNZQ4_qXXWBDxCFLcbG1zZvOQcyu9JtCVommL8gqt53II-95ua7-BGaNp_bEOX1bogigjR_7KB-czZiJv8THlFPHX4UDvuh1IO36qLkA8A,
ERIK'S - Bike Board Ski,3315 S Spring Ave  Sioux Falls  SD 57105  United States,3315 S Spring Ave,Sioux Falls,57105,South Dakota,US,America/Chicago,16053342668,,https://www.eriksbikeshop.com/pages/locations/sioux-falls-sd?utm_source=google&utm_medium=organic&utm_campaign=GBP,eriksbikeshop.com,Bicycle store,Bicycle repair shop,Yes,551,4.8,open,"Saturday, 11â€¯AM-5â€¯PM; Sunday, 11â€¯AM-5â€¯PM; Monday, 11â€¯AM-7â€¯PM; Tuesday, 11â€¯AM-7â€¯PM; Wednesday, 11â€¯AM-7â€¯PM; Thursday, 11â€¯AM-7â€¯PM; Friday, 11â€¯AM-7â€¯PM; ",11â€¯AM-5â€¯PM,11â€¯AM-5â€¯PM,11â€¯AM-7â€¯PM,11â€¯AM-7â€¯PM,11â€¯AM-7â€¯PM,11â€¯AM-7â€¯PM,11â€¯AM-7â€¯PM,Lat 43.5142034,Lng -96.7329249,https://www.google.com/maps/place/?q=place_id:ChIJR6evLwq2jocRatcO0WFiwg4,https://www.google.com/search?kgmid=/g/1tdd5rw0,https://lh5.googleusercontent.com/p/CIHM0ogKEICAgIC4k_7k4gE,"https://t1.gstatic.com/faviconV2?client=SOCIAL&type=FAVICON&fallback_opts=TYPE,SIZE,URL&url=https://www.eriksbikeshop.com/pages/locations/sioux-falls-sd?utm_source=google&utm_medium=organic&utm_campaign=GBP&size=48","https://search.google.com/local/reviews?placeid=ChIJR6evLwq2jocRatcO0WFiwg4&q=bicycle+shop+near+Winner,+South+Dakota,+USA&authuser=0&hl=en",, , , , 
DO Bike and Fitness,1738 6th St  Brookings  SD 57006  United States,1738 6th St,Brookings,57006,South Dakota,US,America/Chicago,16056922022,,https://dobikeandfitness.com/,dobikeandfitness.com,Bicycle store,Bicycle club,Yes,15,5,open,"Saturday, 9â€¯AM-4â€¯PM; Sunday, Closed; Monday, 9â€¯AM-6â€¯PM; Tuesday, 9â€¯AM-6â€¯PM; Wednesday, 9â€¯AM-6â€¯PM; Thursday, 9â€¯AM-6â€¯PM; Friday, 9â€¯AM-6â€¯PM; ",9â€¯AM-4â€¯PM,Closed,9â€¯AM-6â€¯PM,9â€¯AM-6â€¯PM,9â€¯AM-6â€¯PM,9â€¯AM-6â€¯PM,9â€¯AM-6â€¯PM,Lat 44.3107447,Lng -96.7749767,https://www.google.com/maps/place/?q=place_id:ChIJVYyUNZKjiYcRoJ2iiDBsmZI,https://www.google.com/search?kgmid=/g/11y3n0lr0b,https://lh5.googleusercontent.com/p/AF1QipMAZOBnF-gGf1EXR0MDGW28pDLF8E-SsSIYAplQ,"https://t1.gstatic.com/faviconV2?client=SOCIAL&type=FAVICON&fallback_opts=TYPE,SIZE,URL&url=https://dobikeandfitness.com/&size=48","https://search.google.com/local/reviews?placeid=ChIJVYyUNZKjiYcRoJ2iiDBsmZI&q=bicycle+shop+near+Winner,+South+Dakota,+USA&authuser=0&hl=en",16052290123,https://www.facebook.com/Dakota-Outdoors-107424052649737, ,,
Sioux Falls Bicycle Company,1740 S Cliff Ave  Sioux Falls  SD 57105  United States,1740 S Cliff Ave,Sioux Falls,57105,South Dakota,US,America/Chicago,16053347666,,https://siouxfallsbicyclecompany.com/,siouxfallsbicyclecompany.com,Bicycle store,Bicycle rental service,Yes,118,4.7,open,"Saturday, 10â€¯AM-5â€¯PM; Sunday, Closed; Monday, 10â€¯AM-6â€¯PM; Tuesday, 10â€¯AM-6â€¯PM; Wednesday, 10â€¯AM-6â€¯PM; Thursday, 10â€¯AM-6â€¯PM; Friday, 10â€¯AM-5â€¯PM; ",10â€¯AM-5â€¯PM,Closed,10â€¯AM-6â€¯PM,10â€¯AM-6â€¯PM,10â€¯AM-6â€¯PM,10â€¯AM-6â€¯PM,10â€¯AM-5â€¯PM,Lat 43.529699699999995,Lng -96.7108751,https://www.google.com/maps/place/?q=place_id:ChIJz325M8y1jocRdTTgGP5zjvI,https://www.google.com/search?kgmid=/g/1tdl21kf,https://lh5.googleusercontent.com/p/CIHM0ogKEICAgIC4k_65Mw,"https://t1.gstatic.com/faviconV2?client=SOCIAL&type=FAVICON&fallback_opts=TYPE,SIZE,URL&url=https://siouxfallsbicyclecompany.com/&size=48","https://search.google.com/local/reviews?placeid=ChIJz325M8y1jocRdTTgGP5zjvI&q=bicycle+shop+near+Winner,+South+Dakota,+USA&authuser=0&hl=en",16053347666,https://facebook.com/siouxfallsbicyclecompany, ,https://instagram.com/sfbicyclecompany,
Strider Bikes,2221 N Plaza Dr  Rapid City  SD 57702  United States,2221 N Plaza Dr,Rapid City,57702,South Dakota,US,America/Denver,16053420266,,http://www.striderbikes.com/,striderbikes.com,Bicycle wholesaler, ,Yes,22,4.8,open,"Friday, 8â€¯AM-12â€¯PM; Saturday, Closed; Sunday, Closed; Monday, 8â€¯AM-5â€¯PM; Tuesday, 8â€¯AM-5â€¯PM; Wednesday, 8â€¯AM-5â€¯PM; Thursday, 8â€¯AM-5â€¯PM; ",Closed,Closed,8â€¯AM-5â€¯PM,8â€¯AM-5â€¯PM,8â€¯AM-5â€¯PM,8â€¯AM-5â€¯PM,8â€¯AM-12â€¯PM,Lat 44.1043549,Lng -103.2568017,https://www.google.com/maps/place/?q=place_id:ChIJf9bK_mXZVkARTIaCDs5gEnE,https://www.google.com/search?kgmid=/g/11bbx02f_9,https://lh5.googleusercontent.com/p/AF1QipNofb5wttiTfoNEorGuoz9sBwwQXfSRy6ts05cl,"https://t1.gstatic.com/faviconV2?client=SOCIAL&type=FAVICON&fallback_opts=TYPE,SIZE,URL&url=http://www.striderbikes.com/&size=48","https://search.google.com/local/reviews?placeid=ChIJf9bK_mXZVkARTIaCDs5gEnE&q=bicycle+shop+near+Blackhawk,+South+Dakota,+USA&authuser=0&hl=en",, , ,,
ebikemart.co,Yankton  SD 57078  United States,Yankton  SD 57078,Yankton,57078,South Dakota,US,America/Chicago,16057609462,,https://www.ebikemart.co/?utm_source=google&utm_medium=wix_google_business_profile&utm_campaign=5818637896071679889,ebikemart.co,Electric bicycle store, ,Yes,,,open, ,,,,,,,,Lat 42.871108799999995,Lng -97.39728129999999,https://www.google.com/maps/place/?q=place_id:ChIJ8UBD_WChj4cRwuCKJsn54ok,https://www.google.com/search?kgmid=/g/11w2gdww5g,https://lh5.googleusercontent.com/p/AF1QipPPFtV1Hq7ylFDugAz8tok0hv8ZVBhFHBg-0ZYl,"https://t1.gstatic.com/faviconV2?client=SOCIAL&type=FAVICON&fallback_opts=TYPE,SIZE,URL&url=https://www.ebikemart.co/?utm_source=google&utm_medium=wix_google_business_profile&utm_campaign=5818637896071679889&size=48", ,, , , , 
Hot Springs eWheels,27134 Wind Cave Rd  Hot Springs  SD 57747  United States,27134 Wind Cave Rd,Hot Springs,57747,South Dakota,US,America/Denver,16058902488,,https://www.hotspringsewheels.com/,hotspringsewheels.com,Electric bicycle store, ,Yes,,,open,"Saturday, 9â€¯AM-5â€¯PM; Sunday, 9â€¯AM-5â€¯PM; Monday, 9â€¯AM-5â€¯PM; Tuesday, 9â€¯AM-5â€¯PM; Wednesday, 9â€¯AM-5â€¯PM; Thursday, 9â€¯AM-5â€¯PM; Friday, 9â€¯AM-5â€¯PM; ",9â€¯AM-5â€¯PM,9â€¯AM-5â€¯PM,9â€¯AM-5â€¯PM,9â€¯AM-5â€¯PM,9â€¯AM-5â€¯PM,9â€¯AM-5â€¯PM,9â€¯AM-5â€¯PM,Lat 43.4724119,Lng -103.4676758,https://www.google.com/maps/place/?q=place_id:ChIJHRp0WPbTfIcRVMgx14iUk7I,https://www.google.com/search?kgmid=/g/11zjd0xtx6,https://lh5.googleusercontent.com/p/AF1QipPW-jEhgoNwfpbkRWQFD_dTRl8tZ4yG4VGUku_0,"https://t1.gstatic.com/faviconV2?client=SOCIAL&type=FAVICON&fallback_opts=TYPE,SIZE,URL&url=https://www.hotspringsewheels.com/&size=48", ,,https://www.facebook.com/hotspringsewheels, ,https://www.instagram.com/hotspringsewheels,
Rushmore Bikes,3105 W Fairgrounds Loop  Spearfish  SD 57783  United States,3105 W Fairgrounds Loop,Spearfish,57783,South Dakota,US,America/Denver,16056422885,,https://www.rushmorebikes.com/?y_source=1_MTA2NDM5ODIyMS03MTUtbG9jYXRpb24ud2Vic2l0ZQ%3D%3D,rushmorebikes.com,Electric bicycle store,Bicycle repair shop,Yes,95,4.8,open,"Friday, 10â€¯AM-5â€¯PM; Saturday, Closed; Sunday, Closed; Monday, 10â€¯AM-5:30â€¯PM; Tuesday, 10â€¯AM-5:30â€¯PM; Wednesday, 10â€¯AM-5:30â€¯PM; Thursday, 10â€¯AM-5:30â€¯PM; ",Closed,Closed,10â€¯AM-5:30â€¯PM,10â€¯AM-5:30â€¯PM,10â€¯AM-5:30â€¯PM,10â€¯AM-5:30â€¯PM,10â€¯AM-5â€¯PM,Lat 44.5182195,Lng -103.88952169999999,https://www.google.com/maps/place/?q=place_id:ChIJI2m4KLWZMlMRLvGQbNRNngs,https://www.google.com/search?kgmid=/g/1tsljcw7,https://lh5.googleusercontent.com/p/AF1QipO9ua5xidfGasR09SJy94dFAngQ5Gj5_-rkJv_Z,"https://t1.gstatic.com/faviconV2?client=SOCIAL&type=FAVICON&fallback_opts=TYPE,SIZE,URL&url=https://www.rushmorebikes.com/?y_source=1_MTA2NDM5ODIyMS03MTUtbG9jYXRpb24ud2Vic2l0ZQ%3D%3D&size=48","https://search.google.com/local/reviews?placeid=ChIJI2m4KLWZMlMRLvGQbNRNngs&q=bicycle+shop+near+Blackhawk,+South+Dakota,+USA&authuser=0&hl=en",16056422885,https://www.facebook.com/RushmoreBikes/, ,,
Z's e-Bikes,432 Shadow Creek Dr  Harrisburg  SD 57032  United States,432 Shadow Creek Dr,Harrisburg,57032,South Dakota,US,America/Chicago,16057607421,,https://zsebikes.com/pages/home,zsebikes.com,Electric bicycle store, ,Yes,1,5,open,"Saturday, 7â€¯AM-7â€¯PM; Sunday, 7â€¯AM-7â€¯PM; Monday, 7â€¯AM-7â€¯PM; Tuesday, 7â€¯AM-7â€¯PM; Wednesday, 7â€¯AM-7â€¯PM; Thursday, 7â€¯AM-7â€¯PM; Friday, 7â€¯AM-7â€¯PM; ",7â€¯AM-7â€¯PM,7â€¯AM-7â€¯PM,7â€¯AM-7â€¯PM,7â€¯AM-7â€¯PM,7â€¯AM-7â€¯PM,7â€¯AM-7â€¯PM,7â€¯AM-7â€¯PM,Lat 43.438447,Lng -96.7081671,https://www.google.com/maps/place/?q=place_id:ChIJw62PSYjJjocRGdrCyWa7Mrs,https://www.google.com/search?kgmid=/g/11y87l450b,https://lh5.googleusercontent.com/p/CIABIhAGbyfQgRVdCGeqb_MAAoL2,"https://t1.gstatic.com/faviconV2?client=SOCIAL&type=FAVICON&fallback_opts=TYPE,SIZE,URL&url=https://zsebikes.com/pages/home&size=48","https://search.google.com/local/reviews?placeid=ChIJw62PSYjJjocRGdrCyWa7Mrs&q=bicycle+shop+near+Stockholm,+South+Dakota,+USA&authuser=0&hl=en",, , , , 
Deadwood Outdoor Rentals,206 Mountain Shadow Ln  Deadwood  SD 57732  United States,206 Mountain Shadow Ln,Deadwood,57732,South Dakota,US,America/Denver,16056418737,,http://www.deadwoodrentals.com/,deadwoodrentals.com,Bicycle rental service,,Yes,104,4.8,open, ,,,,,,,,Lat 44.3547422,Lng -103.7372852,https://www.google.com/maps/place/?q=place_id:ChIJh9YqAIGlMlMRSD9ssQvxG9c,https://www.google.com/search?kgmid=/g/11smgxcflw,https://lh5.googleusercontent.com/p/CIHM0ogKEICAgIDOv7vQqAE,"https://t1.gstatic.com/faviconV2?client=SOCIAL&type=FAVICON&fallback_opts=TYPE,SIZE,URL&url=http://www.deadwoodrentals.com/&size=48","https://search.google.com/local/reviews?placeid=ChIJh9YqAIGlMlMRSD9ssQvxG9c&q=bicycle+shop+near+Astoria,+South+Dakota,+USA&authuser=0&hl=en",6056418737, , ,,
Doctor Bike,,,Richland,,South Dakota,US,America/Chicago,16056816209,doctorbike@pedalonward.com,http://www.pedalonward.com/,pedalonward.com,Bicycle repair shop,Service establishment,Yes,4,5,open, ,,,,,,,,Lat 43.5524309,Lng -96.72361,https://www.google.com/maps/place/?q=place_id:ChIJwz833t-s0oERaIWBGceHiAE,https://www.google.com/search?kgmid=/g/11ssngwmzw,https://lh5.googleusercontent.com/p/AF1QipOpJe4ogtB9fkO8cPFBI68XzCerrmFhCjuwY4li,"https://t1.gstatic.com/faviconV2?client=SOCIAL&type=FAVICON&fallback_opts=TYPE,SIZE,URL&url=http://www.pedalonward.com/&size=48","https://search.google.com/local/reviews?placeid=ChIJwz833t-s0oERaIWBGceHiAE&q=bicycle+shop+near+Richland,+South+Dakota,+USA&authuser=0&hl=en",16056816209,https://www.facebook.com/pedalonward, ,https://www.instagram.com/doctorbike605/,
The Gears of Time,,,Tea,,South Dakota,US,America/New_York,13863300534,,https://thegearsoftime.com/,thegearsoftime.com,Bicycle repair shop,Service establishment,Yes,,,open,"Friday, 8â€¯AM-8â€¯PM; Saturday, 8â€¯AM-8â€¯PM; Sunday, Closed; Monday, 8â€¯AM-8â€¯PM; Tuesday, 8â€¯AM-8â€¯PM; Wednesday, 8â€¯AM-8â€¯PM; Thursday, 8â€¯AM-8â€¯PM; ",8â€¯AM-8â€¯PM,Closed,8â€¯AM-8â€¯PM,8â€¯AM-8â€¯PM,8â€¯AM-8â€¯PM,8â€¯AM-8â€¯PM,8â€¯AM-8â€¯PM,Lat 30.2364435,Lng -82.79674849999999,https://www.google.com/maps/place/?q=place_id:ChIJCSSTr6Nr1UYRRC14cLybie8,https://www.google.com/search?kgmid=/g/11xkhwx5h_,https://lh5.googleusercontent.com/p/AF1QipO5sHW7KPpjb88kydL6u8EvVI_BsfKyyfPUOv9T,"https://t1.gstatic.com/faviconV2?client=SOCIAL&type=FAVICON&fallback_opts=TYPE,SIZE,URL&url=https://thegearsoftime.com/&size=48", ,,https://www.facebook.com/662986306888799, ,,
Electric Spoke - Mobile Bike Repair,,,Volin,,South Dakota,US,America/Chicago,16056602715,,https://www.electric-spoke.com/,electric-spoke.com,Bicycle repair shop,Service establishment,Yes,12,5,open,"Saturday, 8â€¯AM-6â€¯PM; Sunday, 8â€¯AM-6â€¯PM; Monday, 8â€¯AM-6â€¯PM; Tuesday, 8â€¯AM-6â€¯PM; Wednesday, 8â€¯AM-6â€¯PM; Thursday, 8â€¯AM-6â€¯PM; Friday, 8â€¯AM-6â€¯PM; ",8â€¯AM-6â€¯PM,8â€¯AM-6â€¯PM,8â€¯AM-6â€¯PM,8â€¯AM-6â€¯PM,8â€¯AM-6â€¯PM,8â€¯AM-6â€¯PM,8â€¯AM-6â€¯PM,Lat 42.806076,Lng -97.3849729,https://www.google.com/maps/place/?q=place_id:ChIJO_Iv3PKfj4cRt5FZU2Sf5JE,https://www.google.com/search?kgmid=/g/11wft95256,https://lh5.googleusercontent.com/p/AF1QipMwdYlkjlX8AJxYmqh6kN9V1Ubn6jqeQh93BuB2,"https://t1.gstatic.com/faviconV2?client=SOCIAL&type=FAVICON&fallback_opts=TYPE,SIZE,URL&url=https://www.electric-spoke.com/&size=48","https://search.google.com/local/reviews?placeid=ChIJO_Iv3PKfj4cRt5FZU2Sf5JE&q=bicycle+shop+near+Volin,+South+Dakota,+USA&authuser=0&hl=en",, , ,,
Awesome Ebikes,,,Warner,,South Dakota,US,America/Chicago,,,http://awesomeebikes.com/,awesomeebikes.com,Bicycle store,Bicycle rental service,Yes,2,3,open, ,,,,,,,,Lat 46.423669,Lng -129.9427086,https://www.google.com/maps/place/?q=place_id:ChIJ11uvCbtF0lIR8tNwQ821LCk,https://www.google.com/search?kgmid=/g/11j2yzsnlk,https://lh5.googleusercontent.com/p/AF1QipOTO0m8E81dbyTjfxDZ3kXtbuwci4Ri0ZmFth6k,"https://t1.gstatic.com/faviconV2?client=SOCIAL&type=FAVICON&fallback_opts=TYPE,SIZE,URL&url=http://awesomeebikes.com/&size=48","https://search.google.com/local/reviews?placeid=ChIJ11uvCbtF0lIR8tNwQ821LCk&q=bicycle+shop+near+Warner,+South+Dakota,+USA&authuser=0&hl=en",, , ,,
NorCal Ebike Adventures,,,Vermillion,,South Dakota,US,America/Los_Angeles,17079743773,,https://norcalebikes.net/,norcalebikes.net,Bicycle store,Service establishment,Yes,2,5,open,"Friday, 9â€¯AM-5â€¯PM; Saturday, 9â€¯AM-5â€¯PM; Sunday, 9â€¯AM-5â€¯PM; Monday, 9â€¯AM-5â€¯PM; Tuesday, 9â€¯AM-5â€¯PM; Wednesday, 9â€¯AM-5â€¯PM; Thursday, 9â€¯AM-5â€¯PM; ",9â€¯AM-5â€¯PM,9â€¯AM-5â€¯PM,9â€¯AM-5â€¯PM,9â€¯AM-5â€¯PM,9â€¯AM-5â€¯PM,9â€¯AM-5â€¯PM,9â€¯AM-5â€¯PM,Lat 38.908786,Lng -123.098143,https://www.google.com/maps/place/?q=place_id:ChIJtZQoPUIRhIAR_au6pXi5AZk,https://www.google.com/search?kgmid=/g/11fm5wz6_m,https://lh5.googleusercontent.com/p/AF1QipP41ekXrf4zqUFFGQc8lsBK9WoaG4Br2gefneyU,"https://t1.gstatic.com/faviconV2?client=SOCIAL&type=FAVICON&fallback_opts=TYPE,SIZE,URL&url=https://norcalebikes.net/&size=48","https://search.google.com/local/reviews?placeid=ChIJtZQoPUIRhIAR_au6pXi5AZk&q=bicycle+shop+near+Healdsburg,+California,+USA&authuser=0&hl=en",7079743773, , ,https://www.instagram.com/norcalebikeadventures,
R J Concepts Inc,2221 N Plaza Dr  Rapid City  SD 57702  United States,2221 N Plaza Dr,Rapid City,57702,South Dakota,US,America/Denver,16057187736,,,,Bicycle store,Music store,No,,,Temporarily closed, ,,,,,,,,Lat 44.102747199999996,Lng -103.2662794,https://www.google.com/maps/place/?q=place_id:ChIJfZFFYJ1cfYcRLxaO93ml4rY,https://www.google.com/search?kgmid=/g/1vzv44m5,https://lh5.googleusercontent.com/p/YNF9UURHSKN8HvPKSiWF5A, , , , , , , 
Bicycles & Boats Rental,525 S Newton Ave  Hill City  SD 57745  United States,525 S Newton Ave,Hill City,57745,South Dakota,US,America/Denver,16055745695,,http://www.bicyclesandboats.com/,bicyclesandboats.com,Bicycle rental service,Canoe & kayak rental service,Yes,153,4.9,Temporarily closed, ,,,,,,,,Lat 43.927786,Lng -103.57446499999999,https://www.google.com/maps/place/?q=place_id:ChIJG6ApvZS1YocR5YREjIFkXqg,https://www.google.com/search?kgmid=/g/11rss7szf6,https://lh5.googleusercontent.com/p/AF1QipOLPowY34YZvi21xi814T6I-VqZ8t4NMcEqTaX0,"https://t1.gstatic.com/faviconV2?client=SOCIAL&type=FAVICON&fallback_opts=TYPE,SIZE,URL&url=http://www.bicyclesandboats.com/&size=48","https://search.google.com/local/reviews?placeid=ChIJG6ApvZS1YocR5YREjIFkXqg&q=bicycle+shop+near+Blackhawk,+South+Dakota,+USA&authuser=0&hl=en",, , ,,
Andrew's E-Bike Rentals,1012 Green St  Yankton  SD 57078  United States,1012 Green St,Yankton,57078,South Dakota,US,America/Chicago,16057609462,,https://www.andrewsebikerentals.com/?utm_source=google&utm_medium=wix_google_business_profile&utm_campaign=9965127711937770365,andrewsebikerentals.com,Bicycle rental service, ,Yes,,,Temporarily closed, ,,,,,,,,Lat 42.8797159,Lng -97.40112119999999,https://www.google.com/maps/place/?q=place_id:ChIJh8JSijyhj4cRm8zLvGEKsbA,https://www.google.com/search?kgmid=/g/11w9d4_gw0,https://lh5.googleusercontent.com/p/TLumEB05C5xz2Sdg5TePlA,"https://t1.gstatic.com/faviconV2?client=SOCIAL&type=FAVICON&fallback_opts=TYPE,SIZE,URL&url=https://www.andrewsebikerentals.com/?utm_source=google&utm_medium=wix_google_business_profile&utm_campaign=9965127711937770365&size=48", ,, , , , 